packagedMedicinalProductPrimaryKey;packagedMedicinalProductFullName;samviewer_url_hyperlink;samviewer_url;prescription_name_fagg_nl;prescription_bcfi_name_nl;LocalPackageID1;localPackageID2;Selected package ID ;pcidLabel;pcId;packageItemType;packageItemTypeLabel;packageItemQuantity;unitsPerPackageItem;manufacturedItemQuantity;manufacturedItemQuantityVolumeUnit;packSize;packsizeVolumeUnit;pack_display_value;pack_multiplier;pack_amount;ampp_component_equivalents;packSizeLocal;urlSpcLanguage1;urlSpcLanguage2;packSizeUnit;PackageItemTypeLocalCode;PackageItemTypeLocalLabel;numberOfContainers;unitsPerContainer;manufacturedDoseForm;manufacturedDoseFormLabel;manufacturedDoseFormSpor;ManufacturedDoseFormLocalLabel;manufacturedDoseFormLocalCode;manufacturedItemUnitOfPresentation;manufacturedItemUnitOfPresentationLabel;manufacturedUnitOfPresentationSpor;manufacturedItemUnitOfPresentationProposedLabel;manufacturedItemUnitOfPresentationProposedCode;manufacturedItemUnitOfPresentationLocalLabel;manufacturedItemUnitOfPresentationLocalCode;manufacturedItemQuantityLocalVolumeUnit;medicinalProductPrimaryKey;mpIdLabel;mpId;medicnalProductLocalName;MedicinalProductLocalID;actualTherapeuticMoiety;fullName;atcCodes;atcCodeLabel;atcCodeSpor;authorizedPharmaceuticalDoseForm;authorizedPharmaceuticalDoseFormLabel;authorizedPharmaceuticalDoseFormSpor;marketingAuthorizationHolder;marketingAuthorizationHolderLabel;marketingAuthorizationHolderCity;marketingAuthorizationHolderCountry;marketingAuthorizationNumber;marketingAuthorizationHolderLocalLabel;marketingAuthorizationHolderLocalCode;country;PhPIDlabel;PhPID;pharmaceuticalProductPrimaryKey;PhpidLevel4Gidwig;administrableDoseForm;administrableDoseFormLabel;administrableDoseFormSpor;Form_BCFI;virtual_form_bcfi;administrableDoseFormProposedCode;administrabledoseformProposedLabel;administrableDoseFormLocalCode;administrableDoseformLocalLabel;pharmaceuticalProductUnitOfPresentation;pharmaceuticalProductUnitOfPresentationLabel;pharmaceuticalProductUnitOfPresentationSpor;pharmaceuticalProductUnitOfPresentationProposedCode;pharmaceuticalProductUnitOfPresentationProposedLabel;routesOfAdministration;routesOfAdministrationLabel;routesOfAdministrationSpor;route_of_administration_fagg;virtual_route_of_administration_bcfi;routesOfAdministrationProposedCode;routesOfAdministrationlProposedLabel;routesOfAdministrationLocalCode;routesOfAdministrationLocalLabel;substancePrimaryKey;ingredientRole;substanceCode;substanceName;referenceSubstance;moietyCode;moietyLabel;substances;strengths;moietyModifierLocal;moietyLocal;ModifierLocal;referenceStrengthConcentrationNumeratorValue;referenceStrengthConcentrationNumeratorLabel;referenceStrengthConcentrationNumeratorUnit;referenceStrengthConcentrationDenominatorValue;referenceStrengthConcentrationDenominatorLabel;referenceStrengthConcentrationDenominatorUnit;strength_substances;strength_substances_strengths;virtual_substances;virtual_strength_numerator;virtual_strength_denominator;referenceStrengthPresentationNumeratorValue;referenceStrengthPresentationNumeratorLabel;referenceStrengthPresentationNumeratorUnit;referenceStrengthPresentationDenominatorValue;referenceStrengthPresentationDenominatorLabel;referenceStrengthPresentationDenominatorUnit;strengthPhpidNumeratorValue;strengthPhpidNumeratorLabel;strengthPhpidNumeratorUnit;strengthPhpidDenominatorValue;strengthPhpidDenominatorLabel;strengthPhpidDenominatorUnit;;;StrengthLocalString;strengthNumeratorValue;strenghtNumeratorLabel;strenghtNumeratorUnit;strengthDenominatorValue;strengthDenominatorLabel;strengthDenominatorUnit;strengthConcentrationNumeratorValue;strengthConcentrationNumeratorLabel;strengthConcentrationNumeratorUnit;strengthConcentrationDenominatorValue;strengthConcentrationDenominatorLabel;strengthConcentrationDenominatorUnit;strengthPresentationNumeratorValue;strengthPresentationNumeratorLabel;strengthPresentationNumeratorUnit;strengthPresentationDenominatorValue;strengthPresentationDenominatorUnitLabel;strengthPresentationDenominatorUnit;dddPerPack;dddValue;dddUnit;atcRoa;packSize;vmpGroupISIid;vmpGroupIsLabel;VmpGroupID;VmpGroupLabel;grouperOfSubstanceID;grouperOfSubstanceLabel;PhpidL1ID;PhpidL1Label;vtmID;VtmLabel;intermediateDoseFormCode;intermediateDoseFormLabel;IsiDoseFormCode;IsiDoseFormLabel;;;;GrouperOfProductsWithTheS sameSubstancesWithTheRoleOfPaiL1Phpid;GrouperOfProductsWithTheS sameSubstancesWithTheRoleOfPaiL1PhpidLabel;grouperOfProductsWithTheSameMoietyVtm;grouperOfProductsWithTheSameMoietyVtmlabel;BdfAdfEdqm;BdfAdfLabel;AmeEdqm;AmeLabel;IsiEdqm;IsiLabel;RcEdqm;RcLabel;;ADF_BDF;TRA;ISI;RC;;Pattern;System
474329;Amlodipin Accord tab 10 mg x 100;;;;;;;;NOR amlodipine besilate Accord Healthcare B.V. tablet 100 x 10mg/;NOR amlodipine besilate Accord Healthcare B.V. tablet 100 x 10mg/;;;;;100;;100;;;;;;;https://www.legemiddelsok.no/_layouts/15/Preparatomtaler/Spc/16-11439.pdf;;;;Blisterpakning;;;10219000;Tablet;100000073664;;;15054000;Tablet;200000002152;;;;;;16-11439;#RIF!;;;;Amlodipin Accord;Amlodipin Accord tab 10 mg;C08CA01;Amlodipine;;10219000;Tablet;100000073664;;Accord Healthcare B.V.;Utrecht;Nederland;16-11439;;;NOR;#RIF!;;#RIF!;;10219000;tablet;100000073664;;;;;;;10219000;Tablet;100000073664;;;20053000;Oral use;100000073619;;;;;;;100000090079;PAI;100000090079;amlodipine besilate;;100000085259;amlodpine;;;;;;;;;;;;;;;;;;;;;Tablet;10219000;10;mg;;;;;;;;;;;;;;;;;;;;;;;;;;;5.0000;mg;;;;amlodpine oral 10mg/;;;;;;;;;;;;oral;amlodpine oral 10mg/;;;;;;;;;;;;;;;;;;;;;;
560963;Amlodipin Accord tab 5 mg x 100;;;;;;;;NOR amlodipine besilate Accord Healthcare B.V. tablet 100 x 5mg/;NOR amlodipine besilate Accord Healthcare B.V. tablet 100 x 5mg/;;;;;100;;100;;;;;;;https://www.legemiddelsok.no/_layouts/15/Preparatomtaler/Spc/16-11438.pdf;;;;Blisterpakning;;;10219000;Tablet;100000073664;;;15054000;Tablet;200000002152;;;;;;16-11438;NOR amlodipine besilate Accord Healthcare B.V. tablet 5mg/;;;;Amlodipin Accord;Amlodipin Accord tab 5 mg;C08CA01;Amlodipine;;10219000;Tablet;100000073664;;Accord Healthcare B.V.;Utrecht;Nederland;16-11438;;;NOR;amlodipine besilate tablet 5mg/;;amlodipine besilate tablet 5mg/;;10219000;tablet;100000073664;;;;;;;10219000;Tablet;100000073664;;;20053000;Oral use;100000073619;;;;;;;100000090079;PAI;100000090079;amlodipine besilate;;100000085259;amlodpine;;;;;;;;;;;;;;;;;;;;;Tablet;10219000;5;mg;;;;;;;;;;;;;;;;;;;;;;;;;;;5.0000;mg;;;;amlodpine oral 5mg/;;;;;;;;;;;;oral;amlodpine oral 5mg/;;;;;;;;;;;;;;;;;;;;;;
22368;Norvasc tab 10 mg x 100;;;;;;;;NOR amlodipine besilate Upjohn EESV tablet 100 x 10mg/;NOR amlodipine besilate Upjohn EESV tablet 100 x 10mg/;;;;;100;;100;;;;;;;https://www.legemiddelsok.no/_layouts/15/Preparatomtaler/Spc/0000-07527.pdf;;;;Blisterpakning;;;10219000;Tablet;100000073664;;;15054000;Tablet;200000002152;;;;;;0000-07527;NOR amlodipine besilate Upjohn EESV tablet 10mg/;;;;Norvasc;Norvasc tab 10 mg;C08CA01;Amlodipine;;10219000;Tablet;100000073664;;Upjohn EESV;LD Capelle aan den IJssel;Nederland;0000-07527;;;NOR;amlodipine besilate tablet 10mg/;;amlodipine besilate tablet 10mg/;;10219000;tablet;100000073664;;;;;;;10219000;Tablet;100000073664;;;20053000;Oral use;100000073619;;;;;;;100000090079;PAI;100000090079;amlodipine besilate;;100000085259;amlodpine;;;;;;;;;;;;;;;;;;;;;Tablet;10219000;10;mg;;;;;;;;;;;;;;;;;;;;;;;;;;;5.0000;mg;;;;amlodpine oral 10mg/;;;;;;;;;;;;oral;amlodpine oral 10mg/;;;;;;;;;;;;;;;;;;;;;;
525142;Amlodipin Sandoz tab 10 mg x 105;;;;;;;;NOR amlodipine besilate Sandoz A/S tablet 105 x 10mg/;NOR amlodipine besilate Sandoz A/S tablet 105 x 10mg/;;;;;105;;105;;;;;;;https://www.legemiddelsok.no/_layouts/15/Preparatomtaler/Spc/06-4161.pdf;;;;Boks av plast;;;10219000;Tablet;100000073664;;;15054000;Tablet;200000002152;;;;;;06-4161;NOR amlodipine besilate Sandoz A/S tablet 10mg/;;;;Amlodipin Sandoz;Amlodipin Sandoz tab 10 mg;C08CA01;Amlodipine;;10219000;Tablet;100000073664;;Sandoz A/S;Odense Sø;Danmark.;06-4161;;;NOR;amlodipine besilate tablet 10mg/;;amlodipine besilate tablet 10mg/;;10219000;tablet;100000073664;;;;;;;10219000;Tablet;100000073664;;;20053000;Oral use;100000073619;;;;;;;100000090079;PAI;100000090079;amlodipine besilate;;100000085259;amlodpine;;;;;;;;;;;;;;;;;;;;;Tablet;10219000;10;mg;;;;;;;;;;;;;;;;;;;;;;;;;;;5.0000;mg;;;;amlodpine oral 10mg/;;;;;;;;;;;;oral;amlodpine oral 10mg/;;;;;;;;;;;;;;;;;;;;;;
486830;Amlodipin Sandoz tab 5 mg x 30;;;;;;;;NOR amlodipine besilate Sandoz A/S tablet 30 x 5mg/;NOR amlodipine besilate Sandoz A/S tablet 30 x 5mg/;;;;;30;;30;;;;;;;https://www.legemiddelsok.no/_layouts/15/Preparatomtaler/Spc/06-4159.pdf;;;;Blisterpakning;;;10219000;Tablet;100000073664;;;15054000;Tablet;200000002152;;;;;;06-4159;NOR amlodipine besilate Sandoz A/S tablet 5mg/;;;;Amlodipin Sandoz;Amlodipin Sandoz tab 5 mg;C08CA01;Amlodipine;;10219000;Tablet;100000073664;;Sandoz A/S;Odense Sø;Danmark.;06-4159;;;NOR;amlodipine besilate tablet 5mg/;;amlodipine besilate tablet 5mg/;;10219000;tablet;100000073664;;;;;;;10219000;Tablet;100000073664;;;20053000;Oral use;100000073619;;;;;;;100000090079;PAI;100000090079;amlodipine besilate;;100000085259;amlodpine;;;;;;;;;;;;;;;;;;;;;Tablet;10219000;5;mg;;;;;;;;;;;;;;;;;;;;;;;;;;;5.0000;mg;;;;amlodpine oral 5mg/;;;;;;;;;;;;oral;amlodpine oral 5mg/;;;;;;;;;;;;;;;;;;;;;;
478421;Amlodipin Sandoz tab 10 mg x 250;;;;;;;;NOR amlodipine besilate Sandoz A/S tablet 250 x 10mg/;NOR amlodipine besilate Sandoz A/S tablet 250 x 10mg/;;;;;250;;250;;;;;;;https://www.legemiddelsok.no/_layouts/15/Preparatomtaler/Spc/06-4161.pdf;;;;Boks av plast;;;10219000;Tablet;100000073664;;;15054000;Tablet;200000002152;;;;;;06-4161;NOR amlodipine besilate Sandoz A/S tablet 10mg/;;;;Amlodipin Sandoz;Amlodipin Sandoz tab 10 mg;C08CA01;Amlodipine;;10219000;Tablet;100000073664;;Sandoz A/S;Odense Sø;Danmark.;06-4161;;;NOR;amlodipine besilate tablet 10mg/;;amlodipine besilate tablet 10mg/;;10219000;tablet;100000073664;;;;;;;10219000;Tablet;100000073664;;;20053000;Oral use;100000073619;;;;;;;100000090079;PAI;100000090079;amlodipine besilate;;100000085259;amlodpine;;;;;;;;;;;;;;;;;;;;;Tablet;10219000;10;mg;;;;;;;;;;;;;;;;;;;;;;;;;;;5.0000;mg;;;;amlodpine oral 10mg/;;;;;;;;;;;;oral;amlodpine oral 10mg/;;;;;;;;;;;;;;;;;;;;;;
254333;Amlodipin Sandoz SA tab 5 mg x 50;;;;;;;;NOR amlodipine besilate Sandoz A/S tablet 50 x 5mg/;NOR amlodipine besilate Sandoz A/S tablet 50 x 5mg/;;;;;50;;50;;;;;;;https://www.legemiddelsok.no/_layouts/15/Preparatomtaler/Spc/06-4159.pdf;;;;Endosebeholder;;;10219000;Tablet;100000073664;;;15054000;Tablet;200000002152;;;;;;06-4159;NOR amlodipine besilate Sandoz A/S tablet 5mg/;;;;Amlodipin Sandoz;Amlodipin Sandoz SA tab 5 mg;C08CA01;Amlodipine;;10219000;Tablet;100000073664;;Sandoz A/S;Odense Sø;Danmark.;06-4159;;;NOR;amlodipine besilate tablet 5mg/;;amlodipine besilate tablet 5mg/;;10219000;tablet;100000073664;;;;;;;10219000;Tablet;100000073664;;;20053000;Oral use;100000073619;;;;;;;100000090079;PAI;100000090079;amlodipine besilate;;100000085259;amlodpine;;;;;;;;;;;;;;;;;;;;;Tablet;10219000;5;mg;;;;;;;;;;;;;;;;;;;;;;;;;;;5.0000;mg;;;;amlodpine oral 5mg/;;;;;;;;;;;;oral;amlodpine oral 5mg/;;;;;;;;;;;;;;;;;;;;;;
91765;Amlodipin Sandoz tab 10 mg x 30;;;;;;;;NOR amlodipine besilate Sandoz A/S tablet 30 x 10mg/;NOR amlodipine besilate Sandoz A/S tablet 30 x 10mg/;;;;;30;;30;;;;;;;https://www.legemiddelsok.no/_layouts/15/Preparatomtaler/Spc/06-4161.pdf;;;;Blisterpakning;;;10219000;Tablet;100000073664;;;15054000;Tablet;200000002152;;;;;;06-4161;NOR amlodipine besilate Sandoz A/S tablet 10mg/;;;;Amlodipin Sandoz;Amlodipin Sandoz tab 10 mg;C08CA01;Amlodipine;;10219000;Tablet;100000073664;;Sandoz A/S;Odense Sø;Danmark.;06-4161;;;NOR;amlodipine besilate tablet 10mg/;;amlodipine besilate tablet 10mg/;;10219000;tablet;100000073664;;;;;;;10219000;Tablet;100000073664;;;20053000;Oral use;100000073619;;;;;;;100000090079;PAI;100000090079;amlodipine besilate;;100000085259;amlodpine;;;;;;;;;;;;;;;;;;;;;Tablet;10219000;10;mg;;;;;;;;;;;;;;;;;;;;;;;;;;;5.0000;mg;;;;amlodpine oral 10mg/;;;;;;;;;;;;oral;amlodpine oral 10mg/;;;;;;;;;;;;;;;;;;;;;;
119268;Amlodipin Sandoz tab 10 mg x 90;;;;;;;;NOR amlodipine besilate Sandoz A/S tablet 90 x 10mg/;NOR amlodipine besilate Sandoz A/S tablet 90 x 10mg/;;;;;90;;90;;;;;;;https://www.legemiddelsok.no/_layouts/15/Preparatomtaler/Spc/06-4161.pdf;;;;Boks av plast;;;10219000;Tablet;100000073664;;;15054000;Tablet;200000002152;;;;;;06-4161;NOR amlodipine besilate Sandoz A/S tablet 10mg/;;;;Amlodipin Sandoz;Amlodipin Sandoz tab 10 mg;C08CA01;Amlodipine;;10219000;Tablet;100000073664;;Sandoz A/S;Odense Sø;Danmark.;06-4161;;;NOR;amlodipine besilate tablet 10mg/;;amlodipine besilate tablet 10mg/;;10219000;tablet;100000073664;;;;;;;10219000;Tablet;100000073664;;;20053000;Oral use;100000073619;;;;;;;100000090079;PAI;100000090079;amlodipine besilate;;100000085259;amlodpine;;;;;;;;;;;;;;;;;;;;;Tablet;10219000;10;mg;;;;;;;;;;;;;;;;;;;;;;;;;;;5.0000;mg;;;;amlodpine oral 10mg/;;;;;;;;;;;;oral;amlodpine oral 10mg/;;;;;;;;;;;;;;;;;;;;;;
245136;Norvasc SySk tab 10 mg x 20;;;;;;;;NOR amlodipine besilate Upjohn EESV tablet 20 x 10mg/;NOR amlodipine besilate Upjohn EESV tablet 20 x 10mg/;;;;;20;;20;;;;;;;https://www.legemiddelsok.no/_layouts/15/Preparatomtaler/Spc/0000-07527.pdf;;;;Endosebeholder;;;10219000;Tablet;100000073664;;;15054000;Tablet;200000002152;;;;;;0000-07527;NOR amlodipine besilate Upjohn EESV tablet 10mg/;;;;Norvasc;Norvasc SySk tab 10 mg;C08CA01;Amlodipine;;10219000;Tablet;100000073664;;Upjohn EESV;LD Capelle aan den IJssel;Nederland;0000-07527;;;NOR;amlodipine besilate tablet 10mg/;;amlodipine besilate tablet 10mg/;;10219000;tablet;100000073664;;;;;;;10219000;Tablet;100000073664;;;20053000;Oral use;100000073619;;;;;;;100000090079;PAI;100000090079;amlodipine besilate;;100000085259;amlodpine;;;;;;;;;;;;;;;;;;;;;Tablet;10219000;10;mg;;;;;;;;;;;;;;;;;;;;;;;;;;;5.0000;mg;;;;amlodpine oral 10mg/;;;;;;;;;;;;oral;amlodpine oral 10mg/;;;;;;;;;;;;;;;;;;;;;;
293560;Norvasc SySk tab 5 mg x 50;;;;;;;;NOR amlodipine besilate Upjohn EESV tablet 50 x 5mg/;NOR amlodipine besilate Upjohn EESV tablet 50 x 5mg/;;;;;50;;50;;;;;;;https://www.legemiddelsok.no/_layouts/15/Preparatomtaler/Spc/0000-07526.pdf;;;;Endosebeholder;;;10219000;Tablet;100000073664;;;15054000;Tablet;200000002152;;;;;;0000-07526;NOR amlodipine besilate Upjohn EESV tablet 5mg/;;;;Norvasc;Norvasc SySk tab 5 mg;C08CA01;Amlodipine;;10219000;Tablet;100000073664;;Upjohn EESV;LD Capelle aan den IJssel;Nederland;0000-07526;;;NOR;amlodipine besilate tablet 5mg/;;amlodipine besilate tablet 5mg/;;10219000;tablet;100000073664;;;;;;;10219000;Tablet;100000073664;;;20053000;Oral use;100000073619;;;;;;;100000090079;PAI;100000090079;amlodipine besilate;;100000085259;amlodpine;;;;;;;;;;;;;;;;;;;;;Tablet;10219000;5;mg;;;;;;;;;;;;;;;;;;;;;;;;;;;5.0000;mg;;;;amlodpine oral 5mg/;;;;;;;;;;;;oral;amlodpine oral 5mg/;;;;;;;;;;;;;;;;;;;;;;
22293;Norvasc tab 5 mg x 100;;;;;;;;NOR amlodipine besilate Upjohn EESV tablet 100 x 5mg/;NOR amlodipine besilate Upjohn EESV tablet 100 x 5mg/;;;;;100;;100;;;;;;;https://www.legemiddelsok.no/_layouts/15/Preparatomtaler/Spc/0000-07526.pdf;;;;Blisterpakning;;;10219000;Tablet;100000073664;;;15054000;Tablet;200000002152;;;;;;0000-07526;NOR amlodipine besilate Upjohn EESV tablet 5mg/;;;;Norvasc;Norvasc tab 5 mg;C08CA01;Amlodipine;;10219000;Tablet;100000073664;;Upjohn EESV;LD Capelle aan den IJssel;Nederland;0000-07526;;;NOR;amlodipine besilate tablet 5mg/;;amlodipine besilate tablet 5mg/;;10219000;tablet;100000073664;;;;;;;10219000;Tablet;100000073664;;;20053000;Oral use;100000073619;;;;;;;100000090079;PAI;100000090079;amlodipine besilate;;100000085259;amlodpine;;;;;;;;;;;;;;;;;;;;;Tablet;10219000;5;mg;;;;;;;;;;;;;;;;;;;;;;;;;;;5.0000;mg;;;;amlodpine oral 5mg/;;;;;;;;;;;;oral;amlodpine oral 5mg/;;;;;;;;;;;;;;;;;;;;;;
484676;Amlodipin Accord tab 5 mg x 30;;;;;;;;NOR amlodipine besilate Accord Healthcare B.V. tablet 30 x 5mg/;NOR amlodipine besilate Accord Healthcare B.V. tablet 30 x 5mg/;;;;;30;;30;;;;;;;https://www.legemiddelsok.no/_layouts/15/Preparatomtaler/Spc/16-11438.pdf;;;;Blisterpakning;;;10219000;Tablet;100000073664;;;15054000;Tablet;200000002152;;;;;;16-11438;NOR amlodipine besilate Accord Healthcare B.V. tablet 5mg/;;;;Amlodipin Accord;Amlodipin Accord tab 5 mg;C08CA01;Amlodipine;;10219000;Tablet;100000073664;;Accord Healthcare B.V.;Utrecht;Nederland;16-11438;;;NOR;amlodipine besilate tablet 5mg/;;amlodipine besilate tablet 5mg/;;10219000;tablet;100000073664;;;;;;;10219000;Tablet;100000073664;;;20053000;Oral use;100000073619;;;;;;;100000090079;PAI;100000090079;amlodipine besilate;;100000085259;amlodpine;;;;;;;;;;;;;;;;;;;;;Tablet;10219000;5;mg;;;;;;;;;;;;;;;;;;;;;;;;;;;5.0000;mg;;;;amlodpine oral 5mg/;;;;;;;;;;;;oral;amlodpine oral 5mg/;;;;;;;;;;;;;;;;;;;;;;
16416;Norvasc tab 10 mg x 100;;;;;;;;NOR amlodipine besilate Orifarm AS tablet 100 x 10mg/;NOR amlodipine besilate Orifarm AS tablet 100 x 10mg/;;;;;100;;100;;;;;;;https://www.legemiddelsok.no/_layouts/15/Preparatomtaler/Spc/09-7033.pdf;;;;Blisterpakning;;;10219000;Tablet;100000073664;;;15054000;Tablet;200000002152;;;;;;09-7033;NOR amlodipine besilate Orifarm AS tablet 10mg/;;;;Norvasc;Norvasc tab 10 mg;C08CA01;Amlodipine;;10219000;Tablet;100000073664;;Orifarm AS;OSLO;Norge.;09-7033;;;NOR;amlodipine besilate tablet 10mg/;;amlodipine besilate tablet 10mg/;;10219000;tablet;100000073664;;;;;;;10219000;Tablet;100000073664;;;20053000;Oral use;100000073619;;;;;;;100000090079;PAI;100000090079;amlodipine besilate;;100000085259;amlodpine;;;;;;;;;;;;;;;;;;;;;Tablet;10219000;10;mg;;;;;;;;;;;;;;;;;;;;;;;;;;;5.0000;mg;;;;amlodpine oral 10mg/;;;;;;;;;;;;oral;amlodpine oral 10mg/;;;;;;;;;;;;;;;;;;;;;;
326040;Amlodipin Sandoz SySk tab 10 mg x 20;;;;;;;;NOR amlodipine besilate Sandoz A/S tablet 20 x 10mg/;NOR amlodipine besilate Sandoz A/S tablet 20 x 10mg/;;;;;20;;20;;;;;;;https://www.legemiddelsok.no/_layouts/15/Preparatomtaler/Spc/06-4161.pdf;;;;Endosebeholder;;;10219000;Tablet;100000073664;;;15054000;Tablet;200000002152;;;;;;06-4161;NOR amlodipine besilate Sandoz A/S tablet 10mg/;;;;Amlodipin Sandoz;Amlodipin Sandoz SySk tab 10 mg;C08CA01;Amlodipine;;10219000;Tablet;100000073664;;Sandoz A/S;Odense Sø;Danmark.;06-4161;;;NOR;amlodipine besilate tablet 10mg/;;amlodipine besilate tablet 10mg/;;10219000;tablet;100000073664;;;;;;;10219000;Tablet;100000073664;;;20053000;Oral use;100000073619;;;;;;;100000090079;PAI;100000090079;amlodipine besilate;;100000085259;amlodpine;;;;;;;;;;;;;;;;;;;;;Tablet;10219000;10;mg;;;;;;;;;;;;;;;;;;;;;;;;;;;5.0000;mg;;;;amlodpine oral 10mg/;;;;;;;;;;;;oral;amlodpine oral 10mg/;;;;;;;;;;;;;;;;;;;;;;
169447;Amlodipin Sandoz tab 5 mg x 90;;;;;;;;NOR amlodipine besilate Sandoz A/S tablet 90 x 5mg/;NOR amlodipine besilate Sandoz A/S tablet 90 x 5mg/;;;;;90;;90;;;;;;;https://www.legemiddelsok.no/_layouts/15/Preparatomtaler/Spc/06-4159.pdf;;;;Boks av plast;;;10219000;Tablet;100000073664;;;15054000;Tablet;200000002152;;;;;;06-4159;NOR amlodipine besilate Sandoz A/S tablet 5mg/;;;;Amlodipin Sandoz;Amlodipin Sandoz tab 5 mg;C08CA01;Amlodipine;;10219000;Tablet;100000073664;;Sandoz A/S;Odense Sø;Danmark.;06-4159;;;NOR;amlodipine besilate tablet 5mg/;;amlodipine besilate tablet 5mg/;;10219000;tablet;100000073664;;;;;;;10219000;Tablet;100000073664;;;20053000;Oral use;100000073619;;;;;;;100000090079;PAI;100000090079;amlodipine besilate;;100000085259;amlodpine;;;;;;;;;;;;;;;;;;;;;Tablet;10219000;5;mg;;;;;;;;;;;;;;;;;;;;;;;;;;;5.0000;mg;;;;amlodpine oral 5mg/;;;;;;;;;;;;oral;amlodpine oral 5mg/;;;;;;;;;;;;;;;;;;;;;;
89152;Amlodipin Sandoz tab 10 mg x 100;;;;;;;;NOR amlodipine besilate Sandoz A/S tablet 100 x 10mg/;NOR amlodipine besilate Sandoz A/S tablet 100 x 10mg/;;;;;100;;100;;;;;;;https://www.legemiddelsok.no/_layouts/15/Preparatomtaler/Spc/06-4161.pdf;;;;Boks av plast;;;10219000;Tablet;100000073664;;;15054000;Tablet;200000002152;;;;;;06-4161;NOR amlodipine besilate Sandoz A/S tablet 10mg/;;;;Amlodipin Sandoz;Amlodipin Sandoz tab 10 mg;C08CA01;Amlodipine;;10219000;Tablet;100000073664;;Sandoz A/S;Odense Sø;Danmark.;06-4161;;;NOR;amlodipine besilate tablet 10mg/;;amlodipine besilate tablet 10mg/;;10219000;tablet;100000073664;;;;;;;10219000;Tablet;100000073664;;;20053000;Oral use;100000073619;;;;;;;100000090079;PAI;100000090079;amlodipine besilate;;100000085259;amlodpine;;;;;;;;;;;;;;;;;;;;;Tablet;10219000;10;mg;;;;;;;;;;;;;;;;;;;;;;;;;;;5.0000;mg;;;;amlodpine oral 10mg/;;;;;;;;;;;;oral;amlodpine oral 10mg/;;;;;;;;;;;;;;;;;;;;;;
584856;Amlodipin Sandoz tab 5 mg x 250;;;;;;;;NOR amlodipine besilate Sandoz A/S tablet 250 x 5mg/;NOR amlodipine besilate Sandoz A/S tablet 250 x 5mg/;;;;;250;;250;;;;;;;https://www.legemiddelsok.no/_layouts/15/Preparatomtaler/Spc/06-4159.pdf;;;;Boks av plast;;;10219000;Tablet;100000073664;;;15054000;Tablet;200000002152;;;;;;06-4159;NOR amlodipine besilate Sandoz A/S tablet 5mg/;;;;Amlodipin Sandoz;Amlodipin Sandoz tab 5 mg;C08CA01;Amlodipine;;10219000;Tablet;100000073664;;Sandoz A/S;Odense Sø;Danmark.;06-4159;;;NOR;amlodipine besilate tablet 5mg/;;amlodipine besilate tablet 5mg/;;10219000;tablet;100000073664;;;;;;;10219000;Tablet;100000073664;;;20053000;Oral use;100000073619;;;;;;;100000090079;PAI;100000090079;amlodipine besilate;;100000085259;amlodpine;;;;;;;;;;;;;;;;;;;;;Tablet;10219000;5;mg;;;;;;;;;;;;;;;;;;;;;;;;;;;5.0000;mg;;;;amlodpine oral 5mg/;;;;;;;;;;;;oral;amlodpine oral 5mg/;;;;;;;;;;;;;;;;;;;;;;
45280;Trimonil Retard depottab 300 mg x 100;;;;;;;;NOR carbamazepine Orifarm AS prolonged-release tablet 100 x 300mg/;NOR carbamazepine Orifarm AS prolonged-release tablet 100 x 300mg/;;;;;100;;100;;;;;;;https://www.legemiddelsok.no/_layouts/15/Preparatomtaler/Spc/12-9110.pdf;;;;Blisterpakning;;;10227000;Prolonged-release tablet;100000073683;;;15054000;Tablet;200000002152;;;;;;12-9110;NOR carbamazepine Orifarm AS prolonged-release tablet 300mg/;;;;Trimonil Retard;Trimonil Retard depottab 300 mg;N03AF01;Carbamazepine;;10227000;Prolonged-release tablet;100000073683;;Orifarm AS;OSLO;Norge;12-9110;;;NOR;carbamazepine prolonged-release tablet 300mg/;;carbamazepine prolonged-release tablet 300mg/;;10227000;prolonged-release tablet;100000073683;;;;;;;10227000;Prolonged-release tablet;100000073683;;;20053000;Oral use;100000073619;;;;;;;100000092127;PAI;100000092127;carbamazepine;;100000092127;carbamazepine;;;;;;;;;;;;;;;;;;;;;Prolonged-release tablet;10227000;300;mg;;;;;;;;;;;;;;;;;;;;;;;;;;;1.0000;g;;;;carbamazepine oral 300mg/;;;;;;;;;;;;oral;carbamazepine oral 300mg/;;;;;;;;;;;;;;;;;;;;;;
107664;Trimonil Retard depottab 600 mg x 100;;;;;;;;NOR carbamazepine Desitin Arzneimittel GmbH prolonged-release tablet 100 x 600mg/;NOR carbamazepine Desitin Arzneimittel GmbH prolonged-release tablet 100 x 600mg/;;;;;100;;100;;;;;;;https://www.legemiddelsok.no/_layouts/15/Preparatomtaler/Spc/0000-07224.pdf;;;;Blisterpakning;;;10227000;Prolonged-release tablet;100000073683;;;15054000;Tablet;200000002152;;;;;;0000-07224;NOR carbamazepine Desitin Arzneimittel GmbH prolonged-release tablet 600mg/;;;;Trimonil Retard;Trimonil Retard depottab 600 mg;N03AF01;Carbamazepine;;10227000;Prolonged-release tablet;100000073683;;Desitin Arzneimittel GmbH;Hamburg;Tyskland.;0000-07224;;;NOR;carbamazepine prolonged-release tablet 600mg/;;carbamazepine prolonged-release tablet 600mg/;;10227000;prolonged-release tablet;100000073683;;;;;;;10227000;Prolonged-release tablet;100000073683;;;20053000;Oral use;100000073619;;;;;;;100000092127;PAI;100000092127;carbamazepine;;100000092127;carbamazepine;;;;;;;;;;;;;;;;;;;;;Prolonged-release tablet;10227000;600;mg;;;;;;;;;;;;;;;;;;;;;;;;;;;1.0000;g;;;;carbamazepine oral 600mg/;;;;;;;;;;;;oral;carbamazepine oral 600mg/;;;;;;;;;;;;;;;;;;;;;;
338696;Trimonil Retard SySk depottab 300 mg x 20;;;;;;;;NOR carbamazepine Desitin Arzneimittel GmbH prolonged-release tablet 20 x 300mg/;NOR carbamazepine Desitin Arzneimittel GmbH prolonged-release tablet 20 x 300mg/;;;;;20;;20;;;;;;;https://www.legemiddelsok.no/_layouts/15/Preparatomtaler/Spc/0000-07223.pdf;;;;Endosebeholder;;;10227000;Prolonged-release tablet;100000073683;;;15054000;Tablet;200000002152;;;;;;0000-07223;NOR carbamazepine Desitin Arzneimittel GmbH prolonged-release tablet 300mg/;;;;Trimonil Retard;Trimonil Retard SySk depottab 300 mg;N03AF01;Carbamazepine;;10227000;Prolonged-release tablet;100000073683;;Desitin Arzneimittel GmbH;Hamburg;Tyskland.;0000-07223;;;NOR;carbamazepine prolonged-release tablet 300mg/;;carbamazepine prolonged-release tablet 300mg/;;10227000;prolonged-release tablet;100000073683;;;;;;;10227000;Prolonged-release tablet;100000073683;;;20053000;Oral use;100000073619;;;;;;;100000092127;PAI;100000092127;carbamazepine;;100000092127;carbamazepine;;;;;;;;;;;;;;;;;;;;;Prolonged-release tablet;10227000;300;mg;;;;;;;;;;;;;;;;;;;;;;;;;;;1.0000;g;;;;carbamazepine oral 300mg/;;;;;;;;;;;;oral;carbamazepine oral 300mg/;;;;;;;;;;;;;;;;;;;;;;
119198;Tegretol tab 100 mg x 100;;;;;;;;NOR carbamazepine Novartis Norge (2) tablet 100 x 100mg/;NOR carbamazepine Novartis Norge (2) tablet 100 x 100mg/;;;;;100;;100;;;;;;;https://www.legemiddelsok.no/_layouts/15/Preparatomtaler/Spc/0000-06980.pdf;;;;Blisterpakning;;;10219000;Tablet;100000073664;;;15054000;Tablet;200000002152;;;;;;0000-06980;NOR carbamazepine Novartis Norge (2) tablet 100mg/;;;;Tegretol;Tegretol tab 100 mg;N03AF01;Carbamazepine;;10219000;Tablet;100000073664;;Novartis Norge (2);Oslo;Norge;0000-06980;;;NOR;carbamazepine tablet 100mg/;;carbamazepine tablet 100mg/;;10219000;tablet;100000073664;;;;;;;10219000;Tablet;100000073664;;;20053000;Oral use;100000073619;;;;;;;100000092127;PAI;100000092127;carbamazepine;;100000092127;carbamazepine;;;;;;;;;;;;;;;;;;;;;Tablet;10219000;100;mg;;;;;;;;;;;;;;;;;;;;;;;;;;;1.0000;g;;;;carbamazepine oral 100mg/;;;;;;;;;;;;oral;carbamazepine oral 100mg/;;;;;;;;;;;;;;;;;;;;;;
168740;Tegretol Retard depottab 200 mg x 200;;;;;;;;NOR carbamazepine Novartis Norge (2) prolonged-release tablet 200 x 200mg/;NOR carbamazepine Novartis Norge (2) prolonged-release tablet 200 x 200mg/;;;;;200;;200;;;;;;;https://www.legemiddelsok.no/_layouts/15/Preparatomtaler/Spc/0000-07239.pdf;;;;Blisterpakning;;;10227000;Prolonged-release tablet;100000073683;;;15054000;Tablet;200000002152;;;;;;0000-07239;NOR carbamazepine Novartis Norge (2) prolonged-release tablet 200mg/;;;;Tegretol Retard;Tegretol Retard depottab 200 mg;N03AF01;Carbamazepine;;10227000;Prolonged-release tablet;100000073683;;Novartis Norge (2);Oslo;Norge;0000-07239;;;NOR;carbamazepine prolonged-release tablet 200mg/;;carbamazepine prolonged-release tablet 200mg/;;10227000;prolonged-release tablet;100000073683;;;;;;;10227000;Prolonged-release tablet;100000073683;;;20053000;Oral use;100000073619;;;;;;;100000092127;PAI;100000092127;carbamazepine;;100000092127;carbamazepine;;;;;;;;;;;;;;;;;;;;;Prolonged-release tablet;10227000;200;mg;;;;;;;;;;;;;;;;;;;;;;;;;;;1.0000;g;;;;carbamazepine oral 200mg/;;;;;;;;;;;;oral;carbamazepine oral 200mg/;;;;;;;;;;;;;;;;;;;;;;
238589;Tegretol Retard SySk depottab 200 mg x 20;;;;;;;;NOR carbamazepine Novartis Norge (2) prolonged-release tablet 20 x 200mg/;NOR carbamazepine Novartis Norge (2) prolonged-release tablet 20 x 200mg/;;;;;20;;20;;;;;;;https://www.legemiddelsok.no/_layouts/15/Preparatomtaler/Spc/0000-07239.pdf;;;;Endosebeholder;;;10227000;Prolonged-release tablet;100000073683;;;15054000;Tablet;200000002152;;;;;;0000-07239;NOR carbamazepine Novartis Norge (2) prolonged-release tablet 200mg/;;;;Tegretol Retard;Tegretol Retard SySk depottab 200 mg;N03AF01;Carbamazepine;;10227000;Prolonged-release tablet;100000073683;;Novartis Norge (2);Oslo;Norge;0000-07239;;;NOR;carbamazepine prolonged-release tablet 200mg/;;carbamazepine prolonged-release tablet 200mg/;;10227000;prolonged-release tablet;100000073683;;;;;;;10227000;Prolonged-release tablet;100000073683;;;20053000;Oral use;100000073619;;;;;;;100000092127;PAI;100000092127;carbamazepine;;100000092127;carbamazepine;;;;;;;;;;;;;;;;;;;;;Prolonged-release tablet;10227000;200;mg;;;;;;;;;;;;;;;;;;;;;;;;;;;1.0000;g;;;;carbamazepine oral 200mg/;;;;;;;;;;;;oral;carbamazepine oral 200mg/;;;;;;;;;;;;;;;;;;;;;;
353046;Trimonil Retard SySk depottab 150 mg x 20;;;;;;;;NOR carbamazepine Desitin Arzneimittel GmbH prolonged-release tablet 20 x 150mg/;NOR carbamazepine Desitin Arzneimittel GmbH prolonged-release tablet 20 x 150mg/;;;;;20;;20;;;;;;;https://www.legemiddelsok.no/_layouts/15/Preparatomtaler/Spc/0000-07859.pdf;;;;Endosebeholder;;;10227000;Prolonged-release tablet;100000073683;;;15054000;Tablet;200000002152;;;;;;0000-07859;NOR carbamazepine Desitin Arzneimittel GmbH prolonged-release tablet 150mg/;;;;Trimonil Retard;Trimonil Retard SySk depottab 150 mg;N03AF01;Carbamazepine;;10227000;Prolonged-release tablet;100000073683;;Desitin Arzneimittel GmbH;Hamburg;Tyskland.;0000-07859;;;NOR;carbamazepine prolonged-release tablet 150mg/;;carbamazepine prolonged-release tablet 150mg/;;10227000;prolonged-release tablet;100000073683;;;;;;;10227000;Prolonged-release tablet;100000073683;;;20053000;Oral use;100000073619;;;;;;;100000092127;PAI;100000092127;carbamazepine;;100000092127;carbamazepine;;;;;;;;;;;;;;;;;;;;;Prolonged-release tablet;10227000;150;mg;;;;;;;;;;;;;;;;;;;;;;;;;;;1.0000;g;;;;carbamazepine oral 150mg/;;;;;;;;;;;;oral;carbamazepine oral 150mg/;;;;;;;;;;;;;;;;;;;;;;
168971;Tegretol Retard depottab 400 mg x 200;;;;;;;;NOR carbamazepine Novartis Norge (2) prolonged-release tablet 200 x 400mg/;NOR carbamazepine Novartis Norge (2) prolonged-release tablet 200 x 400mg/;;;;;200;;200;;;;;;;https://www.legemiddelsok.no/_layouts/15/Preparatomtaler/Spc/0000-07240.pdf;;;;Blisterpakning;;;10227000;Prolonged-release tablet;100000073683;;;15054000;Tablet;200000002152;;;;;;0000-07240;NOR carbamazepine Novartis Norge (2) prolonged-release tablet 400mg/;;;;Tegretol Retard;Tegretol Retard depottab 400 mg;N03AF01;Carbamazepine;;10227000;Prolonged-release tablet;100000073683;;Novartis Norge (2);Oslo;Norge;0000-07240;;;NOR;carbamazepine prolonged-release tablet 400mg/;;carbamazepine prolonged-release tablet 400mg/;;10227000;prolonged-release tablet;100000073683;;;;;;;10227000;Prolonged-release tablet;100000073683;;;20053000;Oral use;100000073619;;;;;;;100000092127;PAI;100000092127;carbamazepine;;100000092127;carbamazepine;;;;;;;;;;;;;;;;;;;;;Prolonged-release tablet;10227000;400;mg;;;;;;;;;;;;;;;;;;;;;;;;;;;1.0000;g;;;;carbamazepine oral 400mg/;;;;;;;;;;;;oral;carbamazepine oral 400mg/;;;;;;;;;;;;;;;;;;;;;;
550962;Trimonil Retard depottab 150 mg x 100;;;;;;;;NOR carbamazepine Desitin Arzneimittel GmbH prolonged-release tablet 100 x 150mg/;NOR carbamazepine Desitin Arzneimittel GmbH prolonged-release tablet 100 x 150mg/;;;;;100;;100;;;;;;;https://www.legemiddelsok.no/_layouts/15/Preparatomtaler/Spc/0000-07859.pdf;;;;Blisterpakning;;;10227000;Prolonged-release tablet;100000073683;;;15054000;Tablet;200000002152;;;;;;0000-07859;NOR carbamazepine Desitin Arzneimittel GmbH prolonged-release tablet 150mg/;;;;Trimonil Retard;Trimonil Retard depottab 150 mg;N03AF01;Carbamazepine;;10227000;Prolonged-release tablet;100000073683;;Desitin Arzneimittel GmbH;Hamburg;Tyskland.;0000-07859;;;NOR;carbamazepine prolonged-release tablet 150mg/;;carbamazepine prolonged-release tablet 150mg/;;10227000;prolonged-release tablet;100000073683;;;;;;;10227000;Prolonged-release tablet;100000073683;;;20053000;Oral use;100000073619;;;;;;;100000092127;PAI;100000092127;carbamazepine;;100000092127;carbamazepine;;;;;;;;;;;;;;;;;;;;;Prolonged-release tablet;10227000;150;mg;;;;;;;;;;;;;;;;;;;;;;;;;;;1.0000;g;;;;carbamazepine oral 150mg/;;;;;;;;;;;;oral;carbamazepine oral 150mg/;;;;;;;;;;;;;;;;;;;;;;
473918;Tegretol Retard depottab 400 mg x 200;;;;;;;;NOR carbamazepine Novartis Norge (2) prolonged-release tablet 200 x 400mg/;NOR carbamazepine Novartis Norge (2) prolonged-release tablet 200 x 400mg/;;;;;200;;200;;;;;;;https://www.legemiddelsok.no/_layouts/15/Preparatomtaler/Spc/0000-07240.pdf;;;;Boks;;;10227000;Prolonged-release tablet;100000073683;;;15054000;Tablet;200000002152;;;;;;0000-07240;NOR carbamazepine Novartis Norge (2) prolonged-release tablet 400mg/;;;;Tegretol Retard;Tegretol Retard depottab 400 mg;N03AF01;Carbamazepine;;10227000;Prolonged-release tablet;100000073683;;Novartis Norge (2);Oslo;Norge;0000-07240;;;NOR;carbamazepine prolonged-release tablet 400mg/;;carbamazepine prolonged-release tablet 400mg/;;10227000;prolonged-release tablet;100000073683;;;;;;;10227000;Prolonged-release tablet;100000073683;;;20053000;Oral use;100000073619;;;;;;;100000092127;PAI;100000092127;carbamazepine;;100000092127;carbamazepine;;;;;;;;;;;;;;;;;;;;;Prolonged-release tablet;10227000;400;mg;;;;;;;;;;;;;;;;;;;;;;;;;;;1.0000;g;;;;carbamazepine oral 400mg/;;;;;;;;;;;;oral;carbamazepine oral 400mg/;;;;;;;;;;;;;;;;;;;;;;
108265;Carbamazepine Essential Pharma stikkpille 250 mg x 5;;;;;;;;NOR carbamazepine Essential Pharma (M) Limited Ssuppository 5 x 250mg/;NOR carbamazepine Essential Pharma (M) Limited Ssuppository 5 x 250mg/;;;;;5;;5;;;;;;;https://www.legemiddelsok.no/_layouts/15/Preparatomtaler/Spc/0000-07990.pdf;;;;Eske;;;11013000;Suppository;100000073843;;;15051000;Suppository;200000002149;;;;;;0000-07990;NOR carbamazepine Essential Pharma (M) Limited Ssuppository 250mg/;;;;Carbamazepine Essential Pharma;Carbamazepine Essential Pharma stikkpille 250 mg;N03AF01;Carbamazepine;;11013000;Suppository;100000073843;;Essential Pharma (M) Limited;;Malta;0000-07990;;;NOR;carbamazepine Ssuppository 250mg/;;carbamazepine Ssuppository 250mg/;;11013000;Ssuppository;100000073843;;;;;;;11013000;Suppository;100000073843;;;20061000;Rectal use;100000073628;;;;;;;100000092127;PAI;100000092127;carbamazepine;;100000092127;carbamazepine;;;;;;;;;;;;;;;;;;;;;Suppository;11013000;250;mg;;;;;;;;;;;;;;;;;;;;;;;;;;;1.0000;g;;;;carbamazepine oral 250mg/;;;;;;;;;;;;oral;carbamazepine oral 250mg/;;;;;;;;;;;;;;;;;;;;;;
320304;Tegretol SySk tab 200 mg x 20;;;;;;;;NOR carbamazepine Novartis Norge (2) tablet 20 x 200mg/;NOR carbamazepine Novartis Norge (2) tablet 20 x 200mg/;;;;;20;;20;;;;;;;https://www.legemiddelsok.no/_layouts/15/Preparatomtaler/Spc/0000-04851.pdf;;;;Endosebeholder;;;10219000;Tablet;100000073664;;;15054000;Tablet;200000002152;;;;;;0000-04851;NOR carbamazepine Novartis Norge (2) tablet 200mg/;;;;Tegretol;Tegretol SySk tab 200 mg;N03AF01;Carbamazepine;;10219000;Tablet;100000073664;;Novartis Norge (2);Oslo;Norge;0000-04851;;;NOR;carbamazepine tablet 200mg/;;carbamazepine tablet 200mg/;;10219000;tablet;100000073664;;;;;;;10219000;Tablet;100000073664;;;20053000;Oral use;100000073619;;;;;;;100000092127;PAI;100000092127;carbamazepine;;100000092127;carbamazepine;;;;;;;;;;;;;;;;;;;;;Tablet;10219000;200;mg;;;;;;;;;;;;;;;;;;;;;;;;;;;1.0000;g;;;;carbamazepine oral 200mg/;;;;;;;;;;;;oral;carbamazepine oral 200mg/;;;;;;;;;;;;;;;;;;;;;;
157863;Tegretol tab 200 mg x 100;;;;;;;;NOR carbamazepine Novartis Norge (2) tablet 100 x 200mg/;NOR carbamazepine Novartis Norge (2) tablet 100 x 200mg/;;;;;100;;100;;;;;;;https://www.legemiddelsok.no/_layouts/15/Preparatomtaler/Spc/0000-04851.pdf;;;;Blisterpakning;;;10219000;Tablet;100000073664;;;15054000;Tablet;200000002152;;;;;;0000-04851;NOR carbamazepine Novartis Norge (2) tablet 200mg/;;;;Tegretol;Tegretol tab 200 mg;N03AF01;Carbamazepine;;10219000;Tablet;100000073664;;Novartis Norge (2);Oslo;Norge;0000-04851;;;NOR;carbamazepine tablet 200mg/;;carbamazepine tablet 200mg/;;10219000;tablet;100000073664;;;;;;;10219000;Tablet;100000073664;;;20053000;Oral use;100000073619;;;;;;;100000092127;PAI;100000092127;carbamazepine;;100000092127;carbamazepine;;;;;;;;;;;;;;;;;;;;;Tablet;10219000;200;mg;;;;;;;;;;;;;;;;;;;;;;;;;;;1.0000;g;;;;carbamazepine oral 200mg/;;;;;;;;;;;;oral;carbamazepine oral 200mg/;;;;;;;;;;;;;;;;;;;;;;
414789;Tegretol mikst susp 20 mg/ml x 300mL;;;;;;;;NOR carbamazepine Novartis Norge (2) oral suspension 300mL x 100mg/5mL;NOR carbamazepine Novartis Norge (2) oral suspension 300mL x 100mg/5mL;;;;;300;mL;300;mL;;;;;;https://www.legemiddelsok.no/_layouts/15/Preparatomtaler/Spc/0000-06460.pdf;;;;Flaske;;;10220000;Oral suspension;100000073362;;;;;;;;;;;0000-06460;NOR carbamazepine Novartis Norge (2) oral suspension 100mg/5mL;;;;Tegretol;Tegretol mikst susp 20 mg/ml;N03AF01;Carbamazepine;;10220000;Oral suspension;100000073362;;Novartis Norge (2);Oslo;Norge;0000-06460;;;NOR;carbamazepine oral suspension 100mg/5mL;;carbamazepine oral suspension 100mg/5mL;;10220000;oral suspension;100000073362;;;;;;;10220000;Oral suspension;100000073362;;;20053000;Oral use;100000073619;;;;;;;100000092127;PAI;100000092127;carbamazepine;;100000092127;carbamazepine;;;;;;;;;;;;;;;;;;;;;Oral suspension;10220000;100;mg;;5;mL;;;;;;;;;;;;;;;;;;;;;;;;1.0000;g;;;;carbamazepine oral 100mg/5mL;;;;;;;;;;;;oral;carbamazepine oral 100mg/5mL;;;;;;;;;;;;;;;;;;;;;;
20662;Pedea inj, oppl 5 mg/ml x 4;;;;;;;;NOR ibuprofen Recordati Rare Diseases solution for injection 4 x 5mg/;NOR ibuprofen Recordati Rare Diseases solution for injection 4 x 5mg/;;;;;4;;4;;;;;;;https://www.ema.europa.eu/en/documents/product-information/pedea-epar-product-information_no.pdf;;;;Ampulle av glass;;;11201000;Solution for injection;100000073863;;;15002000;ampoule;;;;;;;EU/1/04/284/001;NOR ibuprofen Recordati Rare Diseases solution for injection 5mg/;;;;Pedea;Pedea inj, oppl 5 mg/ml;C01EB16;Ibuprofen;;11201000;Solution for injection;100000073863;;Recordati Rare Diseases;Puteaux;Frankrike;EU/1/04/284/001;;;NOR;ibuprofen solution for injection 5mg/;;ibuprofen solution for injection 5mg/;;11201000;solution for injection;100000073863;;;;;;;11201000;Solution for injection;100000073863;;;20045000;Intravenous use;100000073611;;;;;;;100000090365;PAI;100000090365;ibuprofen;;100000090365;ibuprofen;;;;;;;;;;;;;;;;;;;;;Solution for injection;11201000;5;mg;;;;;;;;;;;;;;;;;;;;;;;;;;;30.0000;mg;;;;ibuprofen oral 5mg/;;;;;;;;;;;;oral;ibuprofen oral 5mg/;;;;;;;;;;;;;;;;;;;;;;
357066;Ibux SySk tab 400 mg x 50;;;;;;;;NOR ibuprofen Karo Pharma AS film coated tablet 50 x 400mg/;NOR ibuprofen Karo Pharma AS film coated tablet 50 x 400mg/;;;;;50;;50;;;;;;;https://www.legemiddelsok.no/_layouts/15/Preparatomtaler/Spc/0000-07068.pdf;;;;Endosebeholder;;;10221000;Film coated tablet;100000073665;;;15054000;Tablet;200000002152;;;;;;0000-07068;NOR ibuprofen Karo Pharma AS film coated tablet 400mg/;;;;Ibux;Ibux SySk tab 400 mg;M01AE01;Ibuprofen;;10221000;Film coated tablet;100000073665;;Karo Pharma AS;OSLO;Norge;0000-07068;;;NOR;ibuprofen film coated tablet 400mg/;;ibuprofen film coated tablet 400mg/;;10221000;film coated tablet;100000073665;;;;;;;10221000;Film coated tablet;100000073665;;;20053000;Oral use;100000073619;;;;;;;100000090365;PAI;100000090365;ibuprofen;;100000090365;ibuprofen;;;;;;;;;;;;;;;;;;;;;Film coated tablet;10221000;400;mg;;;;;;;;;;;;;;;;;;;;;;;;;;;1.2000;g;;;;ibuprofen oral 400mg/;;;;;;;;;;;;oral;ibuprofen oral 400mg/;;;;;;;;;;;;;;;;;;;;;;
477529;Ibux mikst susp med jordbærsmak 20 mg/ml x 100mL;;;;;;;;NOR ibuprofen Karo Pharma AS oral suspension 100mL x 100mg/5mL;NOR ibuprofen Karo Pharma AS oral suspension 100mL x 100mg/5mL;;;;;100;mL;100;mL;;;;;;https://www.legemiddelsok.no/_layouts/15/Preparatomtaler/Spc/18-12431.pdf;;;;Flaske;;;10220000;Oral suspension;100000073362;;;;;;;;;;;18-12431;NOR ibuprofen Karo Pharma AS oral suspension 100mg/5mL;;;;Ibux;Ibux mikst susp med jordbærsmak 20 mg/ml;M01AE01;Ibuprofen;;10220000;Oral suspension;100000073362;;Karo Pharma AS;OSLO;Norge;18-12431;;;NOR;ibuprofen oral suspension 100mg/5mL;;ibuprofen oral suspension 100mg/5mL;;10220000;oral suspension;100000073362;;;;;;;10220000;Oral suspension;100000073362;;;20053000;Oral use;100000073619;;;;;;;100000090365;PAI;100000090365;ibuprofen;;100000090365;ibuprofen;;;;;;;;;;;;;;;;;;;;;Oral suspension;10220000;100;mg;;5;mL;;;;;;;;;;;;;;;;;;;;;;;;1.2000;g;;;;ibuprofen oral 100mg/5mL;;;;;;;;;;;;oral;ibuprofen oral 100mg/5mL;;;;;;;;;;;;;;;;;;;;;;
462492;Nurofen mikst susp med jordbærsmak 40 mg/ml x 100mL;;;;;;;;NOR ibuprofen Reckitt Benckiser Healthcare (Scandinavia) A/S (1) oral suspension 100mL x 200mg/5mL;NOR ibuprofen Reckitt Benckiser Healthcare (Scandinavia) A/S (1) oral suspension 100mL x 200mg/5mL;;;;;100;mL;100;mL;;;;;;https://www.legemiddelsok.no/_layouts/15/Preparatomtaler/Spc/08-6425.pdf;;;;Flaske av plast;;;10220000;Oral suspension;100000073362;;;;;;;;;;;08-6425;NOR ibuprofen Reckitt Benckiser Healthcare (Scandinavia) A/S (1) oral suspension 200mg/5mL;;;;Nurofen;Nurofen mikst susp med jordbærsmak 40 mg/ml;M01AE01;Ibuprofen;;10220000;Oral suspension;100000073362;;Reckitt Benckiser Healthcare (Scandinavia) A/S (1);Søborg;Danmark;08-6425;;;NOR;ibuprofen oral suspension 200mg/5mL;;ibuprofen oral suspension 200mg/5mL;;10220000;oral suspension;100000073362;;;;;;;10220000;Oral suspension;100000073362;;;20053000;Oral use;100000073619;;;;;;;100000090365;PAI;100000090365;ibuprofen;;100000090365;ibuprofen;;;;;;;;;;;;;;;;;;;;;Oral suspension;10220000;200;mg;;5;mL;;;;;;;;;;;;;;;;;;;;;;;;1.2000;g;;;;ibuprofen oral 200mg/5mL;;;;;;;;;;;;oral;ibuprofen oral 200mg/5mL;;;;;;;;;;;;;;;;;;;;;;
154021;Ibux tab 400 mg x 100;;;;;;;;NOR ibuprofen Karo Pharma AS film coated tablet 100 x 400mg/;NOR ibuprofen Karo Pharma AS film coated tablet 100 x 400mg/;;;;;100;;100;;;;;;;https://www.legemiddelsok.no/_layouts/15/Preparatomtaler/Spc/0000-07068.pdf;;;;Boks;;;10221000;Film coated tablet;100000073665;;;15054000;Tablet;200000002152;;;;;;0000-07068;NOR ibuprofen Karo Pharma AS film coated tablet 400mg/;;;;Ibux;Ibux tab 400 mg;M01AE01;Ibuprofen;;10221000;Film coated tablet;100000073665;;Karo Pharma AS;OSLO;Norge;0000-07068;;;NOR;ibuprofen film coated tablet 400mg/;;ibuprofen film coated tablet 400mg/;;10221000;film coated tablet;100000073665;;;;;;;10221000;Film coated tablet;100000073665;;;20053000;Oral use;100000073619;;;;;;;100000090365;PAI;100000090365;ibuprofen;;100000090365;ibuprofen;;;;;;;;;;;;;;;;;;;;;Film coated tablet;10221000;400;mg;;;;;;;;;;;;;;;;;;;;;;;;;;;1.2000;g;;;;ibuprofen oral 400mg/;;;;;;;;;;;;oral;ibuprofen oral 400mg/;;;;;;;;;;;;;;;;;;;;;;
348411;Ibux SySk tab 600 mg x 20;;;;;;;;NOR ibuprofen Karo Pharma AS film coated tablet 20 x 600mg/;NOR ibuprofen Karo Pharma AS film coated tablet 20 x 600mg/;;;;;20;;20;;;;;;;https://www.legemiddelsok.no/_layouts/15/Preparatomtaler/Spc/0000-07069.pdf;;;;Endosebeholder;;;10221000;Film coated tablet;100000073665;;;15054000;Tablet;200000002152;;;;;;0000-07069;NOR ibuprofen Karo Pharma AS film coated tablet 600mg/;;;;Ibux;Ibux SySk tab 600 mg;M01AE01;Ibuprofen;;10221000;Film coated tablet;100000073665;;Karo Pharma AS;OSLO;Norge;0000-07069;;;NOR;ibuprofen film coated tablet 600mg/;;ibuprofen film coated tablet 600mg/;;10221000;film coated tablet;100000073665;;;;;;;10221000;Film coated tablet;100000073665;;;20053000;Oral use;100000073619;;;;;;;100000090365;PAI;100000090365;ibuprofen;;100000090365;ibuprofen;;;;;;;;;;;;;;;;;;;;;Film coated tablet;10221000;600;mg;;;;;;;;;;;;;;;;;;;;;;;;;;;1.2000;g;;;;ibuprofen oral 600mg/;;;;;;;;;;;;oral;ibuprofen oral 600mg/;;;;;;;;;;;;;;;;;;;;;;
154062;Ibux tab 600 mg x 30;;;;;;;;NOR ibuprofen Karo Pharma AS film coated tablet 30 x 600mg/;NOR ibuprofen Karo Pharma AS film coated tablet 30 x 600mg/;;;;;30;;30;;;;;;;https://www.legemiddelsok.no/_layouts/15/Preparatomtaler/Spc/0000-07069.pdf;;;;Blisterpakning;;;10221000;Film coated tablet;100000073665;;;15054000;Tablet;200000002152;;;;;;0000-07069;NOR ibuprofen Karo Pharma AS film coated tablet 400mg/;;;;Ibux;Ibux tab 600 mg;M01AE01;Ibuprofen;;10221000;Film coated tablet;100000073665;;Karo Pharma AS;OSLO;Norge;0000-07069;;;NOR;ibuprofen film coated tablet 600mg/;;ibuprofen film coated tablet 600mg/;;10221000;film coated tablet;100000073665;;;;;;;10221000;Film coated tablet;100000073665;;;20053000;Oral use;100000073619;;;;;;;100000090365;PAI;100000090365;ibuprofen;;100000090365;ibuprofen;;;;;;;;;;;;;;;;;;;;;Film coated tablet;10221000;600;mg;;;;;;;;;;;;;;;;;;;;;;;;;;;1.2000;g;;;;ibuprofen oral 600mg/;;;;;;;;;;;;oral;ibuprofen oral 600mg/;;;;;;;;;;;;;;;;;;;;;;
53827;Ibux tab 400 mg x 50;;;;;;;;NOR ibuprofen Karo Pharma AS film coated tablet 50 x 400mg/;NOR ibuprofen Karo Pharma AS film coated tablet 50 x 400mg/;;;;;50;;50;;;;;;;https://www.legemiddelsok.no/_layouts/15/Preparatomtaler/Spc/0000-07068.pdf;;;;Endoseblisterpakning;;;10221000;Film coated tablet;100000073665;;;15054000;Tablet;200000002152;;;;;;0000-07068;NOR ibuprofen Karo Pharma AS film coated tablet 400mg/;;;;Ibux;Ibux tab 400 mg;M01AE01;Ibuprofen;;10221000;Film coated tablet;100000073665;;Karo Pharma AS;OSLO;Norge;0000-07068;;;NOR;ibuprofen film coated tablet 400mg/;;ibuprofen film coated tablet 400mg/;;10221000;film coated tablet;100000073665;;;;;;;10221000;Film coated tablet;100000073665;;;20053000;Oral use;100000073619;;;;;;;100000090365;PAI;100000090365;ibuprofen;;100000090365;ibuprofen;;;;;;;;;;;;;;;;;;;;;Film coated tablet;10221000;400;mg;;;;;;;;;;;;;;;;;;;;;;;;;;;1.2000;g;;;;ibuprofen oral 400mg/;;;;;;;;;;;;oral;ibuprofen oral 400mg/;;;;;;;;;;;;;;;;;;;;;;
140230;Ibuprofen B. Braun inf, oppl 600 mg x 10;;;;;;;;NOR ibuprofen B. Braun Melsungen  AG solution for infusion 10 x 600mg/;NOR ibuprofen B. Braun Melsungen  AG solution for infusion 10 x 600mg/;;;;;10;;10;;;;;;;https://www.legemiddelsok.no/_layouts/15/Preparatomtaler/Spc/15-11010.pdf;;;;Flaske;;;11210000;Solution for infusion;100000073870;;;15060000;vial;200000002111;;;;;;15-11010;NOR ibuprofen B. Braun Melsungen  AG solution for infusion 600mg/;;;;Ibuprofen B. Braun;Ibuprofen B. Braun inf, oppl 600 mg;M01AE01;Ibuprofen;;11210000;Solution for infusion;100000073870;;B. Braun Melsungen  AG;MELSUNGEN;Tyskland;15-11010;;;NOR;ibuprofen solution for infusion 600mg/;;ibuprofen solution for infusion 600mg/;;11210000;solution for infusion;100000073870;;;;;;;11210000;Solution for infusion;100000073870;;;20045000;Intravenous use;100000073611;;;;;;;100000090365;PAI;100000090365;ibuprofen;;100000090365;ibuprofen;;;;;;;;;;;;;;;;;;;;;Solution for infusion;11210000;600;mg;;;;;;;;;;;;;;;;;;;;;;;;;;;1.2000;g;;;;ibuprofen oral 600mg/;;;;;;;;;;;;oral;ibuprofen oral 600mg/;;;;;;;;;;;;;;;;;;;;;;
95361;Ibux kaps 400 mg x 10;;;;;;;;NOR ibuprofen Karo Pharma AS capsule, soft 10 x 400mg/;NOR ibuprofen Karo Pharma AS capsule, soft 10 x 400mg/;;;;;10;;10;;;;;;;https://www.legemiddelsok.no/_layouts/15/Preparatomtaler/Spc/05-3208.pdf;;;;Blisterpakning;;;10211000;Capsule, soft;100000073660;;;15012000;Capsule;200000002113;;;;;;05-3208;NOR ibuprofen Karo Pharma AS capsule, soft 400mg/;;;;Ibux;Ibux kaps 400 mg;M01AE01;Ibuprofen;;10211000;Capsule, soft;100000073660;;Karo Pharma AS;OSLO;Norge;05-3208;;;NOR;ibuprofen capsule, soft 400mg/;;ibuprofen capsule, soft 400mg/;;10211000;capsule, soft;100000073660;;;;;;;10211000;Capsule, soft;100000073660;;;20053000;Oral use;100000073619;;;;;;;100000090365;PAI;100000090365;ibuprofen;;100000090365;ibuprofen;;;;;;;;;;;;;;;;;;;;;Capsule, soft;10211000;400;mg;;;;;;;;;;;;;;;;;;;;;;;;;;;1.2000;g;;;;ibuprofen oral 400mg/;;;;;;;;;;;;oral;ibuprofen oral 400mg/;;;;;;;;;;;;;;;;;;;;;;
95352;Ibux kaps 200 mg x 20;;;;;;;;NOR ibuprofen Karo Pharma AS capsule, soft 20 x 200mg/;NOR ibuprofen Karo Pharma AS capsule, soft 20 x 200mg/;;;;;20;;20;;;;;;;https://www.legemiddelsok.no/_layouts/15/Preparatomtaler/Spc/05-3207.pdf;;;;Blisterpakning;;;10211000;Capsule, soft;100000073660;;;15012000;Capsule;200000002113;;;;;;05-3207;NOR ibuprofen Karo Pharma AS capsule, soft 200mg/;;;;Ibux;Ibux kaps 200 mg;M01AE01;Ibuprofen;;10211000;Capsule, soft;100000073660;;Karo Pharma AS;OSLO;Norge;05-3207;;;NOR;ibuprofen capsule, soft 200mg/;;ibuprofen capsule, soft 200mg/;;10211000;capsule, soft;100000073660;;;;;;;10211000;Capsule, soft;100000073660;;;20053000;Oral use;100000073619;;;;;;;100000090365;PAI;100000090365;ibuprofen;;100000090365;ibuprofen;;;;;;;;;;;;;;;;;;;;;Capsule, soft;10211000;200;mg;;;;;;;;;;;;;;;;;;;;;;;;;;;1.2000;g;;;;ibuprofen oral 200mg/;;;;;;;;;;;;oral;ibuprofen oral 200mg/;;;;;;;;;;;;;;;;;;;;;;
141532;Nurofen mikst susp med appelsinsmak 40 mg/ml x 100mL;;;;;;;;NOR ibuprofen Reckitt Benckiser Healthcare (Scandinavia) A/S (1) oral suspension 100mL x 40mg/;NOR ibuprofen Reckitt Benckiser Healthcare (Scandinavia) A/S (1) oral suspension 100mL x 40mg/;;;;;100;mL;100;mL;;;;;;https://www.legemiddelsok.no/_layouts/15/Preparatomtaler/Spc/08-6424.pdf;;;;Flaske av plast;;;10220000;Oral suspension;100000073362;;;;;;;;;;;08-6424;NOR ibuprofen Reckitt Benckiser Healthcare (Scandinavia) A/S (1) oral suspension 40mg/;;;;Nurofen;Nurofen mikst susp med appelsinsmak 40 mg/ml;M01AE01;Ibuprofen;;10220000;Oral suspension;100000073362;;Reckitt Benckiser Healthcare (Scandinavia) A/S (1);Søborg;Danmark;08-6424;;;NOR;ibuprofen oral suspension 40mg/;;ibuprofen oral suspension 40mg/;;10220000;oral suspension;100000073362;;;;;;;10220000;Oral suspension;100000073362;;;20053000;Oral use;100000073619;;;;;;;100000090365;PAI;100000090365;ibuprofen;;100000090365;ibuprofen;;;;;;;;;;;;;;;;;;;;;Oral suspension;10220000;40;mg;;;;;;;;;;;;;;;;;;;;;;;;;;;1.2000;g;;;;ibuprofen oral 40mg/;;;;;;;;;;;;oral;ibuprofen oral 40mg/;;;;;;;;;;;;;;;;;;;;;;
593952;Ibux mikst susp 40 mg/ml x 100mL;;;;;;;;NOR ibuprofen Karo Pharma AS oral suspension 100mL x 40mg/;NOR ibuprofen Karo Pharma AS oral suspension 100mL x 40mg/;;;;;100;mL;100;mL;;;;;;https://www.legemiddelsok.no/_layouts/15/Preparatomtaler/Spc/18-12289.pdf;;;;Flaske av glass;;;10220000;Oral suspension;100000073362;;;;;;;;;;;18-12289;NOR ibuprofen Karo Pharma AS oral suspension 40mg/;;;;Ibux;Ibux mikst susp 40 mg/ml;M01AE01;Ibuprofen;;10220000;Oral suspension;100000073362;;Karo Pharma AS;OSLO;Norge;18-12289;;;NOR;ibuprofen oral suspension 40mg/;;ibuprofen oral suspension 40mg/;;10220000;oral suspension;100000073362;;;;;;;10220000;Oral suspension;100000073362;;;20053000;Oral use;100000073619;;;;;;;100000090365;PAI;100000090365;ibuprofen;;100000090365;ibuprofen;;;;;;;;;;;;;;;;;;;;;Oral suspension;10220000;40;mg;;;;;;;;;;;;;;;;;;;;;;;;;;;1.2000;g;;;;ibuprofen oral 40mg/;;;;;;;;;;;;oral;ibuprofen oral 40mg/;;;;;;;;;;;;;;;;;;;;;;
339061;Ibux SySk tab 200 mg x 50;;;;;;;;NOR ibuprofen Karo Pharma AS film coated tablet 50 x 200mg/;NOR ibuprofen Karo Pharma AS film coated tablet 50 x 200mg/;;;;;50;;50;;;;;;;https://www.legemiddelsok.no/_layouts/15/Preparatomtaler/Spc/0000-07067.pdf;;;;Endosebeholder;;;10221000;Film coated tablet;100000073665;;;15060000;Tablet;200000002152;;;;;;0000-07067;NOR ibuprofen Karo Pharma AS film coated tablet 200mg/;;;;Ibux;Ibux SySk tab 200 mg;M01AE01;Ibuprofen;;10221000;Film coated tablet;100000073665;;Karo Pharma AS;OSLO;Norge;0000-07067;;;NOR;ibuprofen film coated tablet 200mg/;;ibuprofen film coated tablet 200mg/;;10221000;film coated tablet;100000073665;;;;;;;10221000;Film coated tablet;100000073665;;;20053000;Oral use;100000073619;;;;;;;100000090365;PAI;100000090365;ibuprofen;;100000090365;ibuprofen;;;;;;;;;;;;;;;;;;;;;Film coated tablet;10221000;200;mg;;;;;;;;;;;;;;;;;;;;;;;;;;;1.2000;g;;;;ibuprofen oral 200mg/;;;;;;;;;;;;oral;ibuprofen oral 200mg/;;;;;;;;;;;;;;;;;;;;;;
17833;Ibux tab 400 mg x 10;;;;;;;;NOR ibuprofen Karo Pharma AS film coated tablet 10 x 400mg/;NOR ibuprofen Karo Pharma AS film coated tablet 10 x 400mg/;;;;;10;;10;;;;;;;https://www.legemiddelsok.no/_layouts/15/Preparatomtaler/Spc/0000-07068.pdf;;;;Blisterpakning;;;10221000;Film coated tablet;100000073665;;;15060000;Tablet;200000002152;;;;;;0000-07068;NOR ibuprofen Karo Pharma AS film coated tablet 400mg/;;;;Ibux;Ibux tab 400 mg;M01AE01;Ibuprofen;;10221000;Film coated tablet;100000073665;;Karo Pharma AS;OSLO;Norge;0000-07068;;;NOR;ibuprofen film coated tablet 400mg/;;ibuprofen film coated tablet 400mg/;;10221000;film coated tablet;100000073665;;;;;;;10221000;Film coated tablet;100000073665;;;20053000;Oral use;100000073619;;;;;;;100000090365;PAI;100000090365;ibuprofen;;100000090365;ibuprofen;;;;;;;;;;;;;;;;;;;;;Film coated tablet;10221000;400;mg;;;;;;;;;;;;;;;;;;;;;;;;;;;1.2000;g;;;;ibuprofen oral 400mg/;;;;;;;;;;;;oral;ibuprofen oral 400mg/;;;;;;;;;;;;;;;;;;;;;;
21630;Ibux tab 400 mg x 20;;;;;;;;NOR ibuprofen Karo Pharma AS film coated tablet 20 x 400mg/;NOR ibuprofen Karo Pharma AS film coated tablet 20 x 400mg/;;;;;20;;20;;;;;;;https://www.legemiddelsok.no/_layouts/15/Preparatomtaler/Spc/0000-07068.pdf;;;;Blisterpakning;;;10221000;Film coated tablet;100000073665;;;15060000;Tablet;200000002152;;;;;;0000-07068;NOR ibuprofen Karo Pharma AS film coated tablet 400mg/;;;;Ibux;Ibux tab 400 mg;M01AE01;Ibuprofen;;10221000;Film coated tablet;100000073665;;Karo Pharma AS;OSLO;Norge;0000-07068;;;NOR;ibuprofen film coated tablet 400mg/;;ibuprofen film coated tablet 400mg/;;10221000;film coated tablet;100000073665;;;;;;;10221000;Film coated tablet;100000073665;;;20053000;Oral use;100000073619;;;;;;;100000090365;PAI;100000090365;ibuprofen;;100000090365;ibuprofen;;;;;;;;;;;;;;;;;;;;;Film coated tablet;10221000;400;mg;;;;;;;;;;;;;;;;;;;;;;;;;;;1.2000;g;;;;ibuprofen oral 400mg/;;;;;;;;;;;;oral;ibuprofen oral 400mg/;;;;;;;;;;;;;;;;;;;;;;
153569;Ibux tab 200 mg x 20;;;;;;;;NOR ibuprofen Karo Pharma AS film coated tablet 20 x 200mg/;NOR ibuprofen Karo Pharma AS film coated tablet 20 x 200mg/;;;;;20;;20;;;;;;;https://www.legemiddelsok.no/_layouts/15/Preparatomtaler/Spc/0000-07067.pdf;;;;Blisterpakning;;;10221000;Film coated tablet;100000073665;;;15060000;Tablet;200000002152;;;;;;0000-07067;NOR ibuprofen Karo Pharma AS film coated tablet 200mg/;;;;Ibux;Ibux tab 200 mg;M01AE01;Ibuprofen;;10221000;Film coated tablet;100000073665;;Karo Pharma AS;OSLO;Norge;0000-07067;;;NOR;ibuprofen film coated tablet 200mg/;;ibuprofen film coated tablet 200mg/;;10221000;film coated tablet;100000073665;;;;;;;10221000;Film coated tablet;100000073665;;;20053000;Oral use;100000073619;;;;;;;100000090365;PAI;100000090365;ibuprofen;;100000090365;ibuprofen;;;;;;;;;;;;;;;;;;;;;Film coated tablet;10221000;200;mg;;;;;;;;;;;;;;;;;;;;;;;;;;;1.2000;g;;;;ibuprofen oral 200mg/;;;;;;;;;;;;oral;ibuprofen oral 200mg/;;;;;;;;;;;;;;;;;;;;;;
18475;Ibumetin tab 400 mg x 20;;;;;;;;NOR ibuprofen Orifarm Healthcare A/S film coated tablet 20 x 400mg/;NOR ibuprofen Orifarm Healthcare A/S film coated tablet 20 x 400mg/;;;;;20;;20;;;;;;;https://www.legemiddelsok.no/_layouts/15/Preparatomtaler/Spc/0000-06832.pdf;;;;Blisterpakning;;;10221000;Film coated tablet;100000073665;;;15060000;Tablet;200000002152;;;;;;0000-06832;NOR ibuprofen Orifarm Healthcare A/S film coated tablet 400mg/;;;;Ibumetin;Ibumetin tab 400 mg;M01AE01;Ibuprofen;;10221000;Film coated tablet;100000073665;;Orifarm Healthcare A/S;Odense S;Danmark;0000-06832;;;NOR;ibuprofen film coated tablet 400mg/;;ibuprofen film coated tablet 400mg/;;10221000;film coated tablet;100000073665;;;;;;;10221000;Film coated tablet;100000073665;;;20053000;Oral use;100000073619;;;;;;;100000090365;PAI;100000090365;ibuprofen;;100000090365;ibuprofen;;;;;;;;;;;;;;;;;;;;;Film coated tablet;10221000;400;mg;;;;;;;;;;;;;;;;;;;;;;;;;;;1.2000;g;;;;ibuprofen oral 400mg/;;;;;;;;;;;;oral;ibuprofen oral 400mg/;;;;;;;;;;;;;;;;;;;;;;
153742;Ibux tab 200 mg x 100;;;;;;;;NOR ibuprofen Karo Pharma AS film coated tablet 100 x 200mg/;NOR ibuprofen Karo Pharma AS film coated tablet 100 x 200mg/;;;;;100;;100;;;;;;;https://www.legemiddelsok.no/_layouts/15/Preparatomtaler/Spc/0000-07067.pdf;;;;Boks;;;10221000;Film coated tablet;100000073665;;;15060000;Tablet;200000002152;;;;;;0000-07067;NOR ibuprofen Karo Pharma AS film coated tablet 200mg/;;;;Ibux;Ibux tab 200 mg;M01AE01;Ibuprofen;;10221000;Film coated tablet;100000073665;;Karo Pharma AS;OSLO;Norge;0000-07067;;;NOR;ibuprofen film coated tablet 200mg/;;ibuprofen film coated tablet 200mg/;;10221000;film coated tablet;100000073665;;;;;;;10221000;Film coated tablet;100000073665;;;20053000;Oral use;100000073619;;;;;;;100000090365;PAI;100000090365;ibuprofen;;100000090365;ibuprofen;;;;;;;;;;;;;;;;;;;;;Film coated tablet;10221000;200;mg;;;;;;;;;;;;;;;;;;;;;;;;;;;1.2000;g;;;;ibuprofen oral 200mg/;;;;;;;;;;;;oral;ibuprofen oral 200mg/;;;;;;;;;;;;;;;;;;;;;;
55137;Ibux tab 600 mg x 10;;;;;;;;NOR ibuprofen Karo Pharma AS film coated tablet 10 x 600mg/;NOR ibuprofen Karo Pharma AS film coated tablet 10 x 600mg/;;;;;10;;10;;;;;;;https://www.legemiddelsok.no/_layouts/15/Preparatomtaler/Spc/0000-07069.pdf;;;;Boks av plast;;;10221000;Film coated tablet;100000073665;;;15060000;Tablet;200000002152;;;;;;0000-07069;NOR ibuprofen Karo Pharma AS film coated tablet 600mg/;;;;Ibux;Ibux tab 600 mg;M01AE01;Ibuprofen;;10221000;Film coated tablet;100000073665;;Karo Pharma AS;OSLO;Norge;0000-07069;;;NOR;ibuprofen film coated tablet 600mg/;;ibuprofen film coated tablet 600mg/;;10221000;film coated tablet;100000073665;;;;;;;10221000;Film coated tablet;100000073665;;;20053000;Oral use;100000073619;;;;;;;100000090365;PAI;100000090365;ibuprofen;;100000090365;ibuprofen;;;;;;;;;;;;;;;;;;;;;Film coated tablet;10221000;600;mg;;;;;;;;;;;;;;;;;;;;;;;;;;;1.2000;g;;;;ibuprofen oral 600mg/;;;;;;;;;;;;oral;ibuprofen oral 600mg/;;;;;;;;;;;;;;;;;;;;;;
154203;Ibux tab 600 mg x 100;;;;;;;;NOR ibuprofen Karo Pharma AS film coated tablet 100 x 600mg/;NOR ibuprofen Karo Pharma AS film coated tablet 100 x 600mg/;;;;;100;;100;;;;;;;https://www.legemiddelsok.no/_layouts/15/Preparatomtaler/Spc/0000-07069.pdf;;;;Boks;;;10221000;Film coated tablet;100000073665;;;15060000;Tablet;200000002152;;;;;;0000-07069;NOR ibuprofen Karo Pharma AS film coated tablet 600mg/;;;;Ibux;Ibux tab 600 mg;M01AE01;Ibuprofen;;10221000;Film coated tablet;100000073665;;Karo Pharma AS;OSLO;Norge;0000-07069;;;NOR;ibuprofen film coated tablet 600mg/;;ibuprofen film coated tablet 600mg/;;10221000;film coated tablet;100000073665;;;;;;;10221000;Film coated tablet;100000073665;;;20053000;Oral use;100000073619;;;;;;;100000090365;PAI;100000090365;ibuprofen;;100000090365;ibuprofen;;;;;;;;;;;;;;;;;;;;;Film coated tablet;10221000;600;mg;;;;;;;;;;;;;;;;;;;;;;;;;;;1.2000;g;;;;ibuprofen oral 600mg/;;;;;;;;;;;;oral;ibuprofen oral 600mg/;;;;;;;;;;;;;;;;;;;;;;
3900;Ibux gel 50 mg/g x 50g;;;;;;;;NOR ibuprofen Karo Pharma AS gel 50g x 50mg/1g;NOR ibuprofen Karo Pharma AS gel 50g x 50mg/1g;;;;;50;g;50;g;;;;;;https://www.legemiddelsok.no/_layouts/15/Preparatomtaler/Spc/1999-00553.pdf;;;;Tube;;;10503000;Gel;100000073726;;;;;;;;;;;1999-00553;NOR ibuprofen Karo Pharma AS gel 50mg/1g;;;;Ibux;Ibux gel 50 mg/g;M02AA13;Ibuprofen;;10503000;Gel;100000073726;;Karo Pharma AS;OSLO;Norge;1999-00553;;;NOR;ibuprofen gel 50mg/1g;;ibuprofen gel 50mg/1g;;10503000;gel;100000073726;;;;;;;10503000;Gel;100000073726;;;20003000;Cutaneous use;100000073566;;;;;;;100000090365;PAI;100000090365;ibuprofen;;100000090365;ibuprofen;;;;;;50;mg;;1;g;;;;;;;;;;;Gel;10503000;50;mg;;1;g;;;;;;;;;;;;;;;;;;;;;;;;;;;;;ibuprofen cutaneous 50mg/1g;;;;;;;;;;;;cutaneous;ibuprofen cutaneous 50mg/1g;;;;;;;;;;;;;;;;;;;;;;
56888;Ibumetin gel 50 mg/g x 75g;;;;;;;;NOR ibuprofen Orifarm Healthcare A/S gel 75g x 50mg/1g;NOR ibuprofen Orifarm Healthcare A/S gel 75g x 50mg/1g;;;;;75;g;75;g;;;;;;https://www.legemiddelsok.no/_layouts/15/Preparatomtaler/Spc/02-1301.pdf;;;;Tube;;;10503000;Gel;100000073726;;;;;;;;;;;02-1301;NOR ibuprofen Orifarm Healthcare A/S gel 50mg/1g;;;;Ibumetin;Ibumetin gel 50 mg/g;M02AA13;Ibuprofen;;10503000;Gel;100000073726;;Orifarm Healthcare A/S;Odense S;Danmark;02-1301;;;NOR;ibuprofen gel 50mg/1g;;ibuprofen gel 50mg/1g;;10503000;gel;100000073726;;;;;;;10503000;Gel;100000073726;;;20003000;Cutaneous use;100000073566;;;;;;;100000090365;PAI;100000090365;ibuprofen;;100000090365;ibuprofen;;;;;;50;mg;;;;;;;;;;;;;;Gel;10503000;50;mg;;1;g;;;;;;;;;;;;;;;;;;;;;;;;;;;;;ibuprofen cutaneous 50mg/1g;;;;;;;;;;;;cutaneous;ibuprofen cutaneous 50mg/1g;;;;;;;;;;;;;;;;;;;;;;
454165;Zocor tab 10 mg x 98;;;;;;;;NOR simvastatin N.V. Organon - Kloosterstraat film coated tablet 98 x 10mg/;NOR simvastatin N.V. Organon - Kloosterstraat film coated tablet 98 x 10mg/;;;;;98;;98;;;;;;;https://www.legemiddelsok.no/_layouts/15/Preparatomtaler/Spc/0000-07907.pdf;;;;Blisterpakning;;;10221000;Film coated tablet;100000073665;;;15060000;Tablet;200000002152;;;;;;0000-07907;NOR simvastatin N.V. Organon - Kloosterstraat film coated tablet 10mg/;;;;Zocor;Zocor tab 10 mg;C10AA01;Simvastatin;;10221000;Film coated tablet;100000073665;;N.V. Organon - Kloosterstraat;Oss;Nederland;0000-07907;;;NOR;simvastatin film coated tablet 10mg/;;simvastatin film coated tablet 10mg/;;10221000;film coated tablet;100000073665;;;;;;;10221000;Film coated tablet;100000073665;;;20053000;Oral use;100000073619;;;;;;;100000091786;PAI;100000091786;simvastatin;;100000091786;simvastatin;;;;;;;;;;;;;;;;;;;;;Film coated tablet;10221000;10;mg;;;;;;;;;;;;;;;;;;;;;;;;;;;0.0300;g;;;;simvastatin oral 10mg/;;;;;;;;;;;;oral;simvastatin oral 10mg/;;;;;;;;;;;;;;;;;;;;;;
147566;Simvastatin Bluefish tab 40 mg x 30;;;;;;;;NOR simvastatin Bluefish Pharmaceuticals AB film coated tablet 30 x 40mg/;NOR simvastatin Bluefish Pharmaceuticals AB film coated tablet 30 x 40mg/;;;;;30;;30;;;;;;;https://www.legemiddelsok.no/_layouts/15/Preparatomtaler/Spc/08-5741.pdf;;;;Blisterpakning;;;10221000;Film coated tablet;100000073665;;;15060000;Tablet;200000002152;;;;;;08-5741;NOR simvastatin Bluefish Pharmaceuticals AB film coated tablet 40mg/;;;;Simvastatin Bluefish;Simvastatin Bluefish tab 40 mg;C10AA01;Simvastatin;;10221000;Film coated tablet;100000073665;;Bluefish Pharmaceuticals AB;Stockholm;Sverige;08-5741;;;NOR;simvastatin film coated tablet 40mg/;;simvastatin film coated tablet 40mg/;;10221000;film coated tablet;100000073665;;;;;;;10221000;Film coated tablet;100000073665;;;20053000;Oral use;100000073619;;;;;;;100000091786;PAI;100000091786;simvastatin;;100000091786;simvastatin;;;;;;;;;;;;;;;;;;;;;Film coated tablet;10221000;40;mg;;;;;;;;;;;;;;;;;;;;;;;;;;;0.0300;g;;;;simvastatin oral 40mg/;;;;;;;;;;;;oral;simvastatin oral 40mg/;;;;;;;;;;;;;;;;;;;;;;
170309;Simvastatin Bluefish tab 10 mg x 100;;;;;;;;NOR simvastatin Bluefish Pharmaceuticals AB film coated tablet 100 x 10mg/;NOR simvastatin Bluefish Pharmaceuticals AB film coated tablet 100 x 10mg/;;;;;100;;100;;;;;;;https://www.legemiddelsok.no/_layouts/15/Preparatomtaler/Spc/08-5739.pdf;;;;Blisterpakning;;;10221000;Film coated tablet;100000073665;;;15060000;Tablet;200000002152;;;;;;08-5739;NOR simvastatin Bluefish Pharmaceuticals AB film coated tablet 10mg/;;;;Simvastatin Bluefish;Simvastatin Bluefish tab 10 mg;C10AA01;Simvastatin;;10221000;Film coated tablet;100000073665;;Bluefish Pharmaceuticals AB;Stockholm;Sverige;08-5739;;;NOR;simvastatin film coated tablet 10mg/;;simvastatin film coated tablet 10mg/;;10221000;film coated tablet;100000073665;;;;;;;10221000;Film coated tablet;100000073665;;;20053000;Oral use;100000073619;;;;;;;100000091786;PAI;100000091786;simvastatin;;100000091786;simvastatin;;;;;;;;;;;;;;;;;;;;;Film coated tablet;10221000;10;mg;;;;;;;;;;;;;;;;;;;;;;;;;;;0.0300;g;;;;simvastatin oral 10mg/;;;;;;;;;;;;oral;simvastatin oral 10mg/;;;;;;;;;;;;;;;;;;;;;;
352115;Simvastatin Bluefish SySk tab 40 mg x 20;;;;;;;;NOR simvastatin Bluefish Pharmaceuticals AB film coated tablet 20 x 40mg/;NOR simvastatin Bluefish Pharmaceuticals AB film coated tablet 20 x 40mg/;;;;;20;;20;;;;;;;https://www.legemiddelsok.no/_layouts/15/Preparatomtaler/Spc/08-5741.pdf;;;;Endosebeholder;;;10221000;Film coated tablet;100000073665;;;15060000;Tablet;200000002152;;;;;;08-5741;NOR simvastatin Bluefish Pharmaceuticals AB film coated tablet 40mg/;;;;Simvastatin Bluefish;Simvastatin Bluefish SySk tab 40 mg;C10AA01;Simvastatin;;10221000;Film coated tablet;100000073665;;Bluefish Pharmaceuticals AB;Stockholm;Sverige;08-5741;;;NOR;simvastatin film coated tablet 40mg/;;simvastatin film coated tablet 40mg/;;10221000;film coated tablet;100000073665;;;;;;;10221000;Film coated tablet;100000073665;;;20053000;Oral use;100000073619;;;;;;;100000091786;PAI;100000091786;simvastatin;;100000091786;simvastatin;;;;;;;;;;;;;;;;;;;;;Film coated tablet;10221000;40;mg;;;;;;;;;;;;;;;;;;;;;;;;;;;0.0300;g;;;;simvastatin oral 40mg/;;;;;;;;;;;;oral;simvastatin oral 40mg/;;;;;;;;;;;;;;;;;;;;;;
234838;Simvastatin Bluefish SySk tab 20 mg x 50;;;;;;;;NOR simvastatin Bluefish Pharmaceuticals AB film coated tablet 50 x 20mg/;NOR simvastatin Bluefish Pharmaceuticals AB film coated tablet 50 x 20mg/;;;;;50;;50;;;;;;;https://www.legemiddelsok.no/_layouts/15/Preparatomtaler/Spc/08-5740.pdf;;;;Endosebeholder;;;10221000;Film coated tablet;100000073665;;;15060000;Tablet;200000002152;;;;;;08-5740;NOR simvastatin Bluefish Pharmaceuticals AB film coated tablet 20mg/;;;;Simvastatin Bluefish;Simvastatin Bluefish SySk tab 20 mg;C10AA01;Simvastatin;;10221000;Film coated tablet;100000073665;;Bluefish Pharmaceuticals AB;Stockholm;Sverige;08-5740;;;NOR;simvastatin film coated tablet 20mg/;;simvastatin film coated tablet 20mg/;;10221000;film coated tablet;100000073665;;;;;;;10221000;Film coated tablet;100000073665;;;20053000;Oral use;100000073619;;;;;;;100000091786;PAI;100000091786;simvastatin;;100000091786;simvastatin;;;;;;;;;;;;;;;;;;;;;Film coated tablet;10221000;20;mg;;;;;;;;;;;;;;;;;;;;;;;;;;;0.0300;g;;;;simvastatin oral 20mg/;;;;;;;;;;;;oral;simvastatin oral 20mg/;;;;;;;;;;;;;;;;;;;;;;
382531;Zocor tab 40 mg x 98;;;;;;;;NOR simvastatin N.V. Organon - Kloosterstraat film coated tablet 98 x 40mg/;NOR simvastatin N.V. Organon - Kloosterstraat film coated tablet 98 x 40mg/;;;;;98;;98;;;;;;;https://www.legemiddelsok.no/_layouts/15/Preparatomtaler/Spc/1994-03357.pdf;;;;Kalenderpakning;;;10221000;Film coated tablet;100000073665;;;15060000;Tablet;200000002152;;;;;;1994-03357;NOR simvastatin N.V. Organon - Kloosterstraat film coated tablet 40mg/;;;;Zocor;Zocor tab 40 mg;C10AA01;Simvastatin;;10221000;Film coated tablet;100000073665;;N.V. Organon - Kloosterstraat;Oss;Nederland;1994-03357;;;NOR;simvastatin film coated tablet 40mg/;;simvastatin film coated tablet 40mg/;;10221000;film coated tablet;100000073665;;;;;;;10221000;Film coated tablet;100000073665;;;20053000;Oral use;100000073619;;;;;;;100000091786;PAI;100000091786;simvastatin;;100000091786;simvastatin;;;;;;;;;;;;;;;;;;;;;Film coated tablet;10221000;40;mg;;;;;;;;;;;;;;;;;;;;;;;;;;;0.0300;g;;;;simvastatin oral 40mg/;;;;;;;;;;;;oral;simvastatin oral 40mg/;;;;;;;;;;;;;;;;;;;;;;
29939;Simvastatin Sandoz tab 20 mg x 30;;;;;;;;NOR simvastatin Sandoz - København film coated tablet 30 x 20mg/;NOR simvastatin Sandoz - København film coated tablet 30 x 20mg/;;;;;30;;30;;;;;;;https://www.legemiddelsok.no/_layouts/15/Preparatomtaler/Spc/05-3624.pdf;;;;Blisterpakning;;;10221000;Film coated tablet;100000073665;;;15060000;Tablet;200000002152;;;;;;05-3624;NOR simvastatin Sandoz - København film coated tablet 20mg/;;;;Simvastatin Sandoz;Simvastatin Sandoz tab 20 mg;C10AA01;Simvastatin;;10221000;Film coated tablet;100000073665;;Sandoz - København;København S;Danmark;05-3624;;;NOR;simvastatin film coated tablet 20mg/;;simvastatin film coated tablet 20mg/;;10221000;film coated tablet;100000073665;;;;;;;10221000;Film coated tablet;100000073665;;;20053000;Oral use;100000073619;;;;;;;100000091786;PAI;100000091786;simvastatin;;100000091786;simvastatin;;;;;;;;;;;;;;;;;;;;;Film coated tablet;10221000;20;mg;;;;;;;;;;;;;;;;;;;;;;;;;;;0.0300;g;;;;simvastatin oral 20mg/;;;;;;;;;;;;oral;simvastatin oral 20mg/;;;;;;;;;;;;;;;;;;;;;;
289077;Simvastatin Sandoz SySk tab 40 mg x 20;;;;;;;;NOR simvastatin Sandoz - København film coated tablet 20 x 40mg/;NOR simvastatin Sandoz - København film coated tablet 20 x 40mg/;;;;;20;;20;;;;;;;https://www.legemiddelsok.no/_layouts/15/Preparatomtaler/Spc/05-3625.pdf;;;;Endosebeholder;;;10221000;Film coated tablet;100000073665;;;15060000;Tablet;200000002152;;;;;;05-3625;NOR simvastatin Sandoz - København film coated tablet 40mg/;;;;Simvastatin Sandoz;Simvastatin Sandoz SySk tab 40 mg;C10AA01;Simvastatin;;10221000;Film coated tablet;100000073665;;Sandoz - København;København S;Danmark;05-3625;;;NOR;simvastatin film coated tablet 40mg/;;simvastatin film coated tablet 40mg/;;10221000;film coated tablet;100000073665;;;;;;;10221000;Film coated tablet;100000073665;;;20053000;Oral use;100000073619;;;;;;;100000091786;PAI;100000091786;simvastatin;;100000091786;simvastatin;;;;;;;;;;;;;;;;;;;;;Film coated tablet;10221000;40;mg;;;;;;;;;;;;;;;;;;;;;;;;;;;0.0300;g;;;;simvastatin oral 40mg/;;;;;;;;;;;;oral;simvastatin oral 40mg/;;;;;;;;;;;;;;;;;;;;;;
129261;Simvastatin Sandoz tab 10 mg x 90;;;;;;;;NOR simvastatin Sandoz - København film coated tablet 90 x 10mg/;NOR simvastatin Sandoz - København film coated tablet 90 x 10mg/;;;;;90;;90;;;;;;;https://www.legemiddelsok.no/_layouts/15/Preparatomtaler/Spc/05-3623.pdf;;;;Boks av plast;;;10221000;Film coated tablet;100000073665;;;15060000;Tablet;200000002152;;;;;;05-3623;NOR simvastatin Sandoz - København film coated tablet 10mg/;;;;Simvastatin Sandoz;Simvastatin Sandoz tab 10 mg;C10AA01;Simvastatin;;10221000;Film coated tablet;100000073665;;Sandoz - København;København S;Danmark;05-3623;;;NOR;simvastatin film coated tablet 10mg/;;simvastatin film coated tablet 10mg/;;10221000;film coated tablet;100000073665;;;;;;;10221000;Film coated tablet;100000073665;;;20053000;Oral use;100000073619;;;;;;;100000091786;PAI;100000091786;simvastatin;;100000091786;simvastatin;;;;;;;;;;;;;;;;;;;;;Film coated tablet;10221000;10;mg;;;;;;;;;;;;;;;;;;;;;;;;;;;0.0300;g;;;;simvastatin oral 10mg/;;;;;;;;;;;;oral;simvastatin oral 10mg/;;;;;;;;;;;;;;;;;;;;;;
301103;Simvastatin Sandoz tab 40 mg x 250;;;;;;;;NOR simvastatin Sandoz - København film coated tablet 250 x 40mg/;NOR simvastatin Sandoz - København film coated tablet 250 x 40mg/;;;;;250;;250;;;;;;;https://www.legemiddelsok.no/_layouts/15/Preparatomtaler/Spc/05-3625.pdf;;;;Boks;;;10221000;Film coated tablet;100000073665;;;15060000;Tablet;200000002152;;;;;;05-3625;NOR simvastatin Sandoz - København film coated tablet 40mg/;;;;Simvastatin Sandoz;Simvastatin Sandoz tab 40 mg;C10AA01;Simvastatin;;10221000;Film coated tablet;100000073665;;Sandoz - København;København S;Danmark;05-3625;;;NOR;simvastatin film coated tablet 40mg/;;simvastatin film coated tablet 40mg/;;10221000;film coated tablet;100000073665;;;;;;;10221000;Film coated tablet;100000073665;;;20053000;Oral use;100000073619;;;;;;;100000091786;PAI;100000091786;simvastatin;;100000091786;simvastatin;;;;;;;;;;;;;;;;;;;;;Film coated tablet;10221000;40;mg;;;;;;;;;;;;;;;;;;;;;;;;;;;0.0300;g;;;;simvastatin oral 40mg/;;;;;;;;;;;;oral;simvastatin oral 40mg/;;;;;;;;;;;;;;;;;;;;;;
38494;Simvastatin Bluefish tab 40 mg x 100;;;;;;;;NOR simvastatin Bluefish Pharmaceuticals AB film coated tablet 100 x 40mg/;NOR simvastatin Bluefish Pharmaceuticals AB film coated tablet 100 x 40mg/;;;;;100;;100;;;;;;;https://www.legemiddelsok.no/_layouts/15/Preparatomtaler/Spc/08-5741.pdf;;;;Blisterpakning;;;10221000;Film coated tablet;100000073665;;;15060000;Tablet;200000002152;;;;;;08-5741;NOR simvastatin Bluefish Pharmaceuticals AB film coated tablet 40mg/;;;;Simvastatin Bluefish;Simvastatin Bluefish tab 40 mg;C10AA01;Simvastatin;;10221000;Film coated tablet;100000073665;;Bluefish Pharmaceuticals AB;Stockholm;Sverige;08-5741;;;NOR;simvastatin film coated tablet 40mg/;;simvastatin film coated tablet 40mg/;;10221000;film coated tablet;100000073665;;;;;;;10221000;Film coated tablet;100000073665;;;20053000;Oral use;100000073619;;;;;;;100000091786;PAI;100000091786;simvastatin;;100000091786;simvastatin;;;;;;;;;;;;;;;;;;;;;Film coated tablet;10221000;40;mg;;;;;;;;;;;;;;;;;;;;;;;;;;;0.0300;g;;;;simvastatin oral 40mg/;;;;;;;;;;;;oral;simvastatin oral 40mg/;;;;;;;;;;;;;;;;;;;;;;
96360;Simvastatin Sandoz tab 10 mg x 30;;;;;;;;NOR simvastatin Sandoz - København film coated tablet 30 x 10mg/;NOR simvastatin Sandoz - København film coated tablet 30 x 10mg/;;;;;30;;30;;;;;;;https://www.legemiddelsok.no/_layouts/15/Preparatomtaler/Spc/05-3623.pdf;;;;Blisterpakning;;;10221000;Film coated tablet;100000073665;;;15060000;Tablet;200000002152;;;;;;05-3623;NOR simvastatin Sandoz - København film coated tablet 10mg/;;;;Simvastatin Sandoz;Simvastatin Sandoz tab 10 mg;C10AA01;Simvastatin;;10221000;Film coated tablet;100000073665;;Sandoz - København;København S;Danmark;05-3623;;;NOR;simvastatin film coated tablet 10mg/;;simvastatin film coated tablet 10mg/;;10221000;film coated tablet;100000073665;;;;;;;10221000;Film coated tablet;100000073665;;;20053000;Oral use;100000073619;;;;;;;100000091786;PAI;100000091786;simvastatin;;100000091786;simvastatin;;;;;;;;;;;;;;;;;;;;;Film coated tablet;10221000;10;mg;;;;;;;;;;;;;;;;;;;;;;;;;;;0.0300;g;;;;simvastatin oral 10mg/;;;;;;;;;;;;oral;simvastatin oral 10mg/;;;;;;;;;;;;;;;;;;;;;;
 ;Zocor tab 40 mg x 98;;;;;;;;NOR simvastatin Orifarm AS film coated tablet 98 x 40mg/;NOR simvastatin Orifarm AS film coated tablet 98 x 40mg/;;;;;98;;98;;;;;;;https://www.legemiddelsok.no/_layouts/15/Preparatomtaler/Spc/10-7739.pdf;;;;Blisterpakning;;;10221000;Film coated tablet;100000073665;;;15060000;Tablet;200000002152;;;;;;10-7739;NOR simvastatin Orifarm AS film coated tablet 40mg/;;;;Zocor;Zocor tab 40 mg;C10AA01;Simvastatin;;10221000;Film coated tablet;100000073665;;Orifarm AS;OSLO;Norge;10-7739;;;NOR;simvastatin film coated tablet 40mg/;;simvastatin film coated tablet 40mg/;;10221000;film coated tablet;100000073665;;;;;;;10221000;Film coated tablet;100000073665;;;20053000;Oral use;100000073619;;;;;;;100000091786;PAI;100000091786;simvastatin;;100000091786;simvastatin;;;;;;;;;;;;;;;;;;;;;Film coated tablet;10221000;40;mg;;;;;;;;;;;;;;;;;;;;;;;;;;;0.0300;g;;;;simvastatin oral 40mg/;;;;;;;;;;;;oral;simvastatin oral 40mg/;;;;;;;;;;;;;;;;;;;;;;
